Time,STF,STF+0.3,STF-0.3,JMA EEW, JMA – STF,FinDer2,FinDer2-STF,BEFORES,BEFORES-STF,PEGSNet (This study),PEGSNET – STF
1,5.99580483,6.29580483,5.69580483,0.194604174,-5.801200656,0.166666667,-5.829138163,0.341548527,-5.654256303,6.856372497,0.860567667
2,6.397178158,6.697178158,6.097178158,0.389208349,-6.007969809,0.333333333,-6.063844824,0.683097053,-5.714081104,6.851718608,0.45454045
3,6.631966503,6.931966503,6.331966503,0.583812523,-6.04815398,0.5,-6.131966503,1.02464558,-5.607320923,6.850735905,0.218769402
4,6.798551485,7.098551485,6.498551485,0.778416697,-6.020134788,0.666666667,-6.131884818,1.366194106,-5.432357379,6.849742844,0.051191359
5,6.927764836,7.227764836,6.627764836,0.973020872,-5.954743964,0.833333333,-6.094431502,1.707742633,-5.220022203,6.838789199,-0.088975636
6,7.03333983,7.33333983,6.73333983,1.167625046,-5.865714784,1,-6.03333983,2.04929116,-4.984048671,6.836299776,-0.197040054
7,7.122602217,7.422602217,6.822602217,1.36222922,-5.760372996,1.166666667,-5.95593555,2.390839686,-4.731762531,6.840998764,-0.281603453
8,7.199924813,7.499924813,6.899924813,1.556833395,-5.643091418,1.333333333,-5.866591479,2.732388213,-4.4675366,6.844536087,-0.355388726
9,7.268128176,7.568128176,6.968128176,1.751437569,-5.516690607,1.5,-5.768128176,3.073936739,-4.194191437,6.851441059,-0.416687117
10,7.329138163,7.629138163,7.029138163,1.946041743,-5.38309642,1.666666667,-5.662471497,3.415485266,-3.913652897,6.85487589,-0.474262273
11,7.387239132,7.687239132,7.087239132,2.140645918,-5.246593214,1.833333333,-5.553905799,3.757033793,-3.63020534,6.843967058,-0.543272074
12,7.444382485,7.744382485,7.144382485,2.335250092,-5.109132393,2,-5.444382485,4.098582319,-3.345800166,6.843255096,-0.60112739
13,7.499325037,7.799325037,7.199325037,2.529854266,-4.969470771,2.166666667,-5.332658371,4.440130846,-3.059194192,6.848462384,-0.650862654
14,7.551518703,7.851518703,7.251518703,2.724458441,-4.827060262,2.333333333,-5.218185369,4.781679372,-2.76983933,6.85618608,-0.695332622
15,7.60080523,7.90080523,7.30080523,2.919062615,-4.681742614,2.5,-5.10080523,5.123227899,-2.477577331,6.853592041,-0.747213189
16,7.647231489,7.947231489,7.347231489,3.113666789,-4.5335647,2.666666667,-4.980564823,5.464776425,-2.182455064,7.169854495,-0.477376995
17,7.690944207,7.990944207,7.390944207,3.308270964,-4.382673243,2.833333333,-4.857610873,5.806324952,-1.884619255,7.170095252,-0.520848954
18,7.732132098,8.032132098,7.432132098,3.502875138,-4.22925696,3,-4.732132098,6.135156672,-1.596975426,7.224831959,-0.507300139
19,7.770995045,8.070995045,7.470995045,3.697479312,-4.073515732,3.166666667,-4.604328378,6.246328266,-1.524666778,7.197472969,-0.573522075
20,7.807728326,8.107728326,7.507728326,3.892083487,-3.915644839,3.333333333,-4.474394992,6.357499861,-1.450228465,7.123268251,-0.684460074
21,7.843097543,8.143097543,7.543097543,4.086687661,-3.756409882,3.5,-4.343097543,6.468671455,-1.374426088,7.034678608,-0.808418935
22,7.877596811,8.177596811,7.577596811,4.281291835,-3.596304976,3.666666667,-4.210930144,6.57984305,-1.297753761,7.033936955,-0.843659856
23,7.911076333,8.211076333,7.611076333,5.623370073,-2.287706259,3.833333333,-4.077743,6.691014644,-1.220061688,7.036154154,-0.874922179
24,7.943457202,8.243457202,7.643457202,6.818546816,-1.124910386,4,-3.943457202,6.859858635,-1.083598567,7.195117867,-0.748339335
25,7.974708854,8.274708854,7.674708854,7.149647725,-0.825061129,4.25,-3.724708854,6.973160858,-1.001547996,7.119582254,-0.8551266
26,8.004832916,8.304832916,7.704832916,6.33844047,-1.666392445,4.5,-3.504832916,7.019578399,-0.985254517,7.043443222,-0.961389694
27,8.033851852,8.333851852,7.733851852,6.595940465,-1.437911387,4.7,-3.333851852,7.06599594,-0.967855912,6.942449683,-1.091402169
28,8.061801099,8.361801099,7.761801099,6.626733927,-1.435067173,4.5,-3.561801099,7.112413481,-0.949387618,6.969179408,-1.092621692
29,8.088723674,8.388723674,7.788723674,6.773111493,-1.31561218,4.5,-3.588723674,7.158831022,-0.929892651,6.997505177,-1.091218497
30,8.114666517,8.414666517,7.814666517,6.91948906,-1.195177457,4.9,-3.214666517,7.182949939,-0.931716578,6.967232759,-1.147433758
31,8.139269091,8.439269091,7.839269091,7.065866627,-1.073402464,5.5,-2.639269091,7.193162537,-0.946106554,6.963615358,-1.175653733
32,8.16229868,8.46229868,7.86229868,7.212244194,-0.950054486,5.1,-3.06229868,7.207186424,-0.955112256,7.055345964,-1.106952716
33,8.183959923,8.483959923,7.883959923,7.270838233,-0.91312169,5.2,-2.983959923,7.228631822,-0.955328102,7.107692691,-1.076267233
34,8.204419554,8.504419554,7.904419554,7.328348087,-0.876071467,5.4,-2.804419554,7.25007722,-0.954342334,7.035364456,-1.169055099
35,8.223815232,8.523815232,7.923815232,7.385857941,-0.837957291,5.4,-2.823815232,7.271522618,-0.952292614,7.126779204,-1.097036028
36,8.242261942,8.542261942,7.942261942,7.443367794,-0.798894148,5.5,-2.742261942,7.292968016,-0.949293926,6.826297368,-1.415964573
37,8.259856728,8.559856728,7.959856728,7.500877648,-0.75897908,5.5,-2.759856728,7.305303868,-0.95455286,7.442560266,-0.817296462
38,8.276682248,8.576682248,7.976682248,7.558387501,-0.718294747,5.5,-2.776682248,7.306842042,-0.969840207,6.998816237,-1.277866012
39,8.292809492,8.592809492,7.992809492,7.615897355,-0.676912137,6.2,-2.092809492,7.308380215,-0.984429277,7.077019138,-1.215790354
40,8.308299883,8.608299883,8.008299883,7.633007065,-0.675292818,6.6,-1.708299883,7.309918389,-0.998381495,7.25477742,-1.053522463
41,8.323715143,8.623715143,8.023715143,7.644805058,-0.678910086,6.6,-1.723715143,7.311456562,-1.012258581,6.809034731,-1.514680412
42,8.339507205,8.639507205,8.039507205,7.65660305,-0.682904155,6.7,-1.639507205,7.312994735,-1.02651247,6.996832716,-1.342674489
43,8.355575961,8.655575961,8.055575961,7.668401042,-0.687174919,6.7,-1.655575961,7.314532909,-1.041043052,7.174537237,-1.181038725
44,8.371833465,8.671833465,8.071833465,7.680199034,-0.691634431,6.7,-1.671833465,7.316071082,-1.055762383,7.300868916,-1.070964549
45,8.388203347,8.688203347,8.088203347,7.691997026,-0.696206321,6.8,-1.588203347,7.338643031,-1.049560316,7.473554004,-0.914649343
46,8.404619996,8.704619996,8.104619996,7.703795019,-0.700824977,6.8,-1.604619996,7.361617991,-1.043002005,7.400989307,-1.003630689
47,8.421027603,8.721027603,8.121027603,7.711383493,-0.70964411,6.9,-1.521027603,7.384592951,-1.036434652,7.686768128,-0.734259475
48,8.437379159,8.737379159,8.137379159,7.711901964,-0.725477195,7,-1.437379159,7.407567911,-1.029811248,7.656205667,-0.781173492
49,8.45363545,8.75363545,8.15363545,7.712420434,-0.741215016,7.1,-1.35363545,7.443860845,-1.009774605,7.581384003,-0.872251447
50,8.469764104,8.769764104,8.169764104,7.712938905,-0.756825199,7.2,-1.269764104,7.498209126,-0.971554978,7.32045668,-1.149307424
51,8.485924213,8.785924213,8.185924213,7.713457375,-0.772466837,7.3,-1.185924213,7.552557406,-0.933366806,7.65942324,-0.826500973
52,8.502239963,8.802239963,8.202239963,7.713975846,-0.788264118,7.3,-1.202239963,7.606905687,-0.895334276,7.794633796,-0.707606167
53,8.518639539,8.818639539,8.218639539,7.714494316,-0.804145223,7.4,-1.118639539,7.661253968,-0.857385571,7.887766919,-0.630872619
54,8.5350615,8.8350615,8.2350615,7.715012787,-0.820048713,7.4,-1.1350615,7.715602248,-0.819459252,8.302548625,-0.232512875
55,8.551453802,8.851453802,8.251453802,7.715531257,-0.835922545,7.6,-0.951453802,7.769950529,-0.781503273,8.309535828,-0.241917974
56,8.567772783,8.867772783,8.267772783,7.716049728,-0.851723056,7.6,-0.967772783,7.813566499,-0.754206285,8.311235901,-0.256536882
57,8.583982178,8.883982178,8.283982178,7.716568198,-0.86741398,7.7,-0.883982178,7.825054113,-0.758928065,8.227021425,-0.356960753
58,8.600052181,8.900052181,8.300052181,7.717086669,-0.882965513,7.8,-0.800052181,7.836541727,-0.763510454,8.298539844,-0.301512338
59,8.615958587,8.915958587,8.315958587,7.717605139,-0.898353448,7.8,-0.815958587,7.848029341,-0.767929246,8.360538585,-0.255420002
60,8.631682007,8.931682007,8.331682007,7.71812361,-0.913558397,7.9,-0.731682007,7.859516955,-0.772165051,8.364074352,-0.267607654
61,8.647106494,8.947106494,8.347106494,7.71864208,-0.928464414,7.9,-0.747106494,7.939145092,-0.707961402,8.343015319,-0.304091176
62,8.662140171,8.962140171,8.362140171,7.719160551,-0.942979621,7.9,-0.762140171,8.048423352,-0.613716819,8.37747022,-0.284669952
63,8.67680189,8.97680189,8.37680189,7.72637788,-0.95042401,7.9,-0.77680189,8.142268574,-0.534533316,8.350210686,-0.326591204
64,8.691109203,8.991109203,8.391109203,7.735387742,-0.955721461,7.9,-0.791109203,8.207776112,-0.483333091,8.304107169,-0.387002034
65,8.70507848,9.00507848,8.40507848,7.744397604,-0.960680876,7.8,-0.90507848,8.221441573,-0.483636907,8.256914632,-0.448163849
66,8.718725008,9.018725008,8.418725008,7.753407466,-0.965317542,7.9,-0.818725008,8.235107034,-0.483617974,8.251017637,-0.467707371
67,8.73206308,9.03206308,8.43206308,7.762417328,-0.969645752,7.9,-0.83206308,8.248772495,-0.483290585,8.294531763,-0.437531317
68,8.74510608,9.04510608,8.44510608,7.77142719,-0.97367889,7.9,-0.84510608,8.262437956,-0.482668124,8.321397745,-0.423708335
69,8.757866556,9.057866556,8.457866556,7.780437052,-0.977429504,7.9,-0.857866556,8.276103418,-0.481763139,8.384651659,-0.373214898
70,8.770356288,9.070356288,8.470356288,7.789446914,-0.980909373,8,-0.770356288,8.27769846,-0.492657828,8.404328496,-0.366027791
71,8.782261627,9.082261627,8.482261627,7.798456776,-0.983804851,8.00625,-0.776011627,8.270213722,-0.512047905,8.430668607,-0.35159302
72,8.793318937,9.093318937,8.493318937,7.807466638,-0.985852299,8.0125,-0.780818937,8.262728984,-0.530589953,8.434541827,-0.35877711
73,8.803604865,9.103604865,8.503604865,7.8164765,-0.987128365,8.01875,-0.784854865,8.255244246,-0.54836062,8.467929394,-0.335675472
74,8.813185149,9.113185149,8.513185149,7.825486362,-0.987698787,8.025,-0.788185149,8.294750327,-0.518434822,8.487797837,-0.325387312
75,8.82211654,9.12211654,8.52211654,7.834496224,-0.987620316,8.03125,-0.79086654,8.357182001,-0.464934539,8.463367265,-0.358749275
76,8.83044832,9.13044832,8.53044832,7.843506086,-0.986942234,8.0375,-0.79294832,8.37203117,-0.458417151,8.450560278,-0.379888043
77,8.838223509,9.138223509,8.538223509,7.852515948,-0.985707561,8.04375,-0.794473509,8.367876635,-0.470346874,8.483832266,-0.354391244
78,8.845479831,9.145479831,8.545479831,7.86152581,-0.983954021,8.05,-0.795479831,8.363722101,-0.48175773,8.527001001,-0.31847883
79,8.852250501,9.152250501,8.552250501,7.870535672,-0.981714829,8.05625,-0.796000501,8.359567566,-0.492682935,8.552446695,-0.299803807
80,8.858564869,9.158564869,8.558564869,7.879545534,-0.979019334,8.0625,-0.796064869,8.358611372,-0.499953497,8.52952198,-0.329042889
81,8.86441666,9.16441666,8.56441666,7.888555396,-0.975861264,8.06875,-0.79566666,8.360980068,-0.503436592,8.535702458,-0.328714202
82,8.8697991,9.1697991,8.5697991,7.897565258,-0.972233841,8.075,-0.7947991,8.363348764,-0.506450335,8.570018626,-0.299780473
83,8.874735856,9.174735856,8.574735856,7.90657512,-0.968160735,8.08125,-0.793485856,8.365717461,-0.509018395,8.582493105,-0.292242751
84,8.879247767,9.179247767,8.579247767,7.914155078,-0.965092689,8.0875,-0.791747767,8.368086157,-0.51116161,8.579245584,-0.300002183
85,8.883353181,9.183353181,8.583353181,7.920018837,-0.963334344,8.09375,-0.789603181,8.395808689,-0.487544492,8.61531212,-0.268041061
86,8.887068229,9.187068229,8.587068229,7.925882596,-0.961185632,8.1,-0.787068229,8.439456831,-0.447611398,8.575863736,-0.311204493
87,8.89040706,9.19040706,8.59040706,7.931746355,-0.958660704,8.10625,-0.78415706,8.483104972,-0.407302087,8.622501792,-0.267905268
88,8.893382039,9.193382039,8.593382039,7.937610114,-0.955771924,8.1125,-0.780882039,8.509194193,-0.384187846,8.641164126,-0.252217913
89,8.896003907,9.196003907,8.596003907,7.943473873,-0.952530034,8.11875,-0.777253907,8.527065879,-0.368938028,8.653297386,-0.24270652
90,8.898281922,9.198281922,8.598281922,7.949337632,-0.94894429,8.125,-0.773281922,8.526509561,-0.371772361,8.64285568,-0.255426242
91,8.900365197,9.200365197,8.600365197,7.955201391,-0.945163806,8.13125,-0.769115197,8.308729012,-0.591636184,8.663778943,-0.236586253
92,8.902398024,9.202398024,8.602398024,7.96106515,-0.941332874,8.1375,-0.764898024,8.180597729,-0.721800295,8.682222008,-0.220176016
93,8.904381355,9.204381355,8.604381355,7.966928909,-0.937452446,8.14375,-0.760631355,8.151870882,-0.752510473,8.703574064,-0.200807291
94,8.906316106,9.206316106,8.606316106,7.972792668,-0.933523437,8.15,-0.756316106,8.123144036,-0.78317207,8.693146262,-0.213169843
95,8.908203154,9.208203154,8.608203154,7.978656427,-0.929546727,8.15625,-0.751953154,8.105624094,-0.802579059,8.690163602,-0.218039552
96,8.910043344,9.210043344,8.610043344,7.984520186,-0.925523158,8.1625,-0.747543344,8.125729081,-0.784314263,8.663620524,-0.24642282
97,8.911837488,9.211837488,8.611837488,7.990383945,-0.921453543,8.16875,-0.743087488,8.145834068,-0.76600342,8.661067715,-0.250769773
98,8.913586366,9.213586366,8.613586366,7.996247704,-0.917338661,8.175,-0.738586366,8.165939055,-0.747647311,8.701749951,-0.211836414
99,8.915290726,9.215290726,8.615290726,8.002111463,-0.913179263,8.18125,-0.734040726,8.186044042,-0.729246684,8.721674954,-0.193615773
100,8.916951291,9.216951291,8.616951291,8.007975222,-0.908976069,8.1875,-0.729451291,8.206149029,-0.710802262,8.727727627,-0.189223664
101,8.918563811,9.218563811,8.618563811,8.013838981,-0.90472483,8.19375,-0.724813811,8.226254016,-0.692309796,8.728203988,-0.190359824
102,8.920124119,9.220124119,8.620124119,8.01970274,-0.900421379,8.2,-0.720124119,8.246359003,-0.673765116,8.750222363,-0.169901756
103,8.921633006,9.221633006,8.621633006,8.025566499,-0.896066507,8.20625,-0.715383006,8.4312127,-0.490420306,8.789093698,-0.132539307
104,8.92309123,9.22309123,8.62309123,8.031430258,-0.891660972,8.2125,-0.71059123,8.701238299,-0.221852931,8.8213939,-0.10169733
105,8.924499514,9.224499514,8.624499514,8.037294017,-0.887205497,8.21875,-0.705749514,8.766682363,-0.157817151,8.818512388,-0.105987126
106,8.925858548,9.225858548,8.625858548,8.043157776,-0.882700772,8.225,-0.700858548,8.786176777,-0.139681771,8.858459644,-0.067398904
107,8.927168991,9.227168991,8.627168991,8.049021535,-0.878147456,8.23125,-0.695918991,8.80567119,-0.121497801,8.862172632,-0.064996359
108,8.928431473,9.228431473,8.628431473,8.054885294,-0.873546179,8.2375,-0.690931473,8.825165603,-0.103265869,8.833513042,-0.094918431
109,8.929646592,9.229646592,8.629646592,8.060749053,-0.868897538,8.24375,-0.685896592,8.842060011,-0.08758658,8.904343815,-0.025302777
110,8.930814919,9.230814919,8.630814919,8.066612812,-0.864202107,8.25,-0.680814919,8.8566855,-0.074129419,8.838856772,-0.091958147
111,8.931956029,9.231956029,8.631956029,8.072476571,-0.859479457,8.25625,-0.675706029,8.871310989,-0.060645039,8.846482024,-0.085474005
112,8.933089175,9.233089175,8.633089175,8.07834033,-0.854748845,8.2625,-0.670589175,8.885936478,-0.047152697,8.827530179,-0.105558997
113,8.934214436,9.234214436,8.634214436,8.084204089,-0.850010347,8.26875,-0.665464436,8.950504948,0.016290513,8.758031458,-0.176182977
114,8.935331884,9.235331884,8.635331884,8.090067848,-0.845264036,8.275,-0.660331884,9.017372049,0.082040165,8.766796727,-0.168535157
115,8.936441593,9.236441593,8.636441593,8.095931607,-0.840509986,8.28125,-0.655191593,9.053346942,0.116905348,8.820295275,-0.116146318
116,8.937543637,9.237543637,8.637543637,8.101795366,-0.835748271,8.2875,-0.650043637,9.030671411,0.093127774,8.839446135,-0.098097502
117,8.938638084,9.238638084,8.638638084,8.107659125,-0.830978959,8.29375,-0.644888084,9.00799588,0.069357795,8.840071935,-0.098566149
118,8.939725007,9.239725007,8.639725007,8.113522884,-0.826202123,8.3,-0.639725007,8.985320349,0.045595342,8.857902943,-0.081822064
119,8.940804474,9.240804474,8.640804474,8.11907,-0.821734474,8.30625,-0.634554474,8.962644818,0.021840344,8.86025343,-0.080551043
120,8.941876552,9.241876552,8.641876552,8.11907,-0.822806552,8.3125,-0.629376552,8.939969287,-0.001907265,8.852122183,-0.089754369
121,8.942943057,9.242943057,8.642943057,8.11907,-0.823873057,8.31875,-0.624193057,8.920688831,-0.022254226,8.875589094,-0.067353963
122,8.944005775,9.244005775,8.644005775,8.11907,-0.824935775,8.325,-0.619005775,8.917086756,-0.026919019,8.876781767,-0.067224008
123,8.945064735,9.245064735,8.645064735,8.11907,-0.825994735,8.33125,-0.613814735,8.913484681,-0.031580054,8.892868184,-0.052196551
124,8.946119963,9.246119963,8.646119963,8.11907,-0.827049963,8.3375,-0.608619963,8.909882606,-0.036237357,8.921379585,-0.024740378
125,8.947171485,9.247171485,8.647171485,8.11907,-0.828101485,8.34375,-0.603421485,8.906280531,-0.040890954,8.910839075,-0.03633241
126,8.948219329,9.248219329,8.648219329,8.11907,-0.829149329,8.35,-0.598219329,8.902678456,-0.045540872,8.963765792,0.015546464
127,8.949263519,9.249263519,8.649263519,8.11907,-0.830193519,8.35625,-0.593013519,8.899076381,-0.050187138,8.954393349,0.00512983
128,8.950304083,9.250304083,8.650304083,8.11907,-0.831234083,8.3625,-0.587804083,8.895474306,-0.054829777,8.981205367,0.030901284
129,8.951341045,9.251341045,8.651341045,8.11907,-0.832271045,8.36875,-0.582591045,8.891872231,-0.059468814,8.997116602,0.045775556
130,8.952374431,9.252374431,8.652374431,8.11907,-0.833304431,8.375,-0.577374431,8.888270156,-0.064104275,8.973315622,0.020941191
131,8.953374541,9.253374541,8.653374541,8.11907,-0.834304541,8.38125,-0.572124541,8.884668082,-0.068706459,8.994374054,0.040999514
132,8.954312077,9.254312077,8.654312077,8.11907,-0.835242077,8.3875,-0.566812077,8.881066007,-0.07324607,8.947849866,-0.006462211
133,8.955187635,9.255187635,8.655187635,8.11907,-0.836117635,8.39375,-0.561437635,8.898043819,-0.057143816,8.961239535,0.0060519
134,8.956001766,9.256001766,8.656001766,8.11907,-0.836931766,8.4,-0.556001766,8.92003862,-0.035963147,8.972508956,0.01650719
135,8.956754981,9.256754981,8.656754981,8.11907,-0.837684981,8.4,-0.556754981,8.94203342,-0.014721561,8.993506816,0.036751835
136,8.957447747,9.257447747,8.657447747,8.11907,-0.838377747,8.4,-0.557447747,8.96402822,0.006580474,9.030745886,0.073298139
137,8.958080493,9.258080493,8.658080493,8.11907,-0.839010493,8.4,-0.558080493,8.966733824,0.008653331,9.014539635,0.056459143
138,8.958653608,9.258653608,8.658653608,8.11907,-0.839583608,8.4,-0.558653608,8.955065105,-0.003588504,8.972291004,0.013637395
139,8.959167444,9.259167444,8.659167444,8.11907,-0.840097444,8.4,-0.559167444,8.943396385,-0.015771059,8.960995553,0.001828109
140,8.959622313,9.259622313,8.659622313,8.11907,-0.840552313,8.4,-0.559622313,8.931727666,-0.027894647,8.987912849,0.028290536
141,8.960028155,9.260028155,8.660028155,8.11907,-0.840958155,8.4,-0.560028155,8.920058947,-0.039969208,8.988443879,0.028415724
142,8.960394826,9.260394826,8.660394826,8.11907,-0.841324826,8.4,-0.560394826,8.908390228,-0.052004598,8.963222404,0.002827578
143,8.960722473,9.260722473,8.660722473,8.11907,-0.841652473,8.5,-0.460722473,8.89940886,-0.061313613,8.966788706,0.006066233
144,8.961011229,9.261011229,8.661011229,8.11907,-0.841941229,8.5,-0.461011229,8.922640811,-0.038370418,8.998488901,0.037477672
145,8.96126121,9.26126121,8.66126121,8.11907,-0.84219121,8.5,-0.46126121,8.945872762,-0.015388448,9.013947514,0.052686304
146,8.961472515,9.261472515,8.661472515,8.11907,-0.842402515,8.5,-0.461472515,8.969104713,0.007632198,8.990553267,0.029080752
147,8.961645229,9.261645229,8.661645229,8.11907,-0.842575229,8.5,-0.461645229,8.973485268,0.011840039,9.007034228,0.045388999
148,8.961779422,9.261779422,8.661779422,8.11907,-0.842709422,8.5,-0.461779422,8.973783648,0.012004226,9.016894862,0.05511544
149,8.961875146,9.261875146,8.661875146,8.11907,-0.842805146,8.5,-0.461875146,8.974082028,0.012206882,8.962562057,0.000686911
150,8.96193244,9.26193244,8.66193244,8.11907,-0.84286244,8.5,-0.46193244,8.974380407,0.012447968,8.980557817,0.018625377
151,8.96193244,9.26193244,8.66193244,8.11907,-0.84286244,8.5,-0.46193244,8.974678787,0.012746348,9.012408977,0.050476537
152,8.96193244,9.26193244,8.66193244,8.11907,-0.84286244,8.5,-0.46193244,8.974977167,0.013044727,9.007094718,0.045162278
153,8.96193244,9.26193244,8.66193244,8.11907,-0.84286244,8.5,-0.46193244,8.975275547,0.013343107,9.021627469,0.05969503
154,8.96193244,9.26193244,8.66193244,8.11907,-0.84286244,8.5,-0.46193244,8.975573926,0.013641487,9.028239389,0.06630695
155,8.96193244,9.26193244,8.66193244,8.11907,-0.84286244,8.5,-0.46193244,8.975872306,0.013939867,9.008168309,0.04623587
156,8.96193244,9.26193244,8.66193244,8.11907,-0.84286244,8.5,-0.46193244,8.976170686,0.014238246,8.975118539,0.013186099
157,8.96193244,9.26193244,8.66193244,8.11907,-0.84286244,8.5,-0.46193244,8.976469066,0.014536626,8.96642662,0.00449418
158,8.96193244,9.26193244,8.66193244,8.11907,-0.84286244,8.5,-0.46193244,8.976767445,0.014835006,8.965031528,0.003099088
159,8.96193244,9.26193244,8.66193244,8.11907,-0.84286244,8.5,-0.46193244,8.977065825,0.015133386,8.954245034,-0.007687406
160,8.96193244,9.26193244,8.66193244,8.11907,-0.84286244,8.5,-0.46193244,8.977364205,0.015431765,9.019716253,0.057783814
161,8.96193244,9.26193244,8.66193244,8.11907,-0.84286244,8.5,-0.46193244,8.977662585,0.015730145,9.028471186,0.066538747
162,8.96193244,9.26193244,8.66193244,8.11907,-0.84286244,8.5,-0.46193244,8.977960965,0.016028525,8.997186893,0.035254454
163,8.96193244,9.26193244,8.66193244,8.11907,-0.84286244,8.5,-0.46193244,8.978259344,0.016326905,8.979510613,0.017578174
164,8.96193244,9.26193244,8.66193244,8.11907,-0.84286244,8.5,-0.46193244,8.978557724,0.016625284,8.970818942,0.008886502
165,8.96193244,9.26193244,8.66193244,8.11907,-0.84286244,8.5,-0.46193244,8.978856104,0.016923664,8.965074336,0.003141896
166,8.96193244,9.26193244,8.66193244,8.11907,-0.84286244,8.5,-0.46193244,8.979154484,0.017222044,8.980555815,0.018623376
167,8.96193244,9.26193244,8.66193244,8.11907,-0.84286244,8.5,-0.46193244,8.979452863,0.017520424,9.004854021,0.042921581
168,8.96193244,9.26193244,8.66193244,8.11907,-0.84286244,8.5,-0.46193244,8.979751243,0.017818803,9.010486831,0.048554391
169,8.96193244,9.26193244,8.66193244,8.11907,-0.84286244,8.5,-0.46193244,8.980049623,0.018117183,9.000669361,0.038736922
170,8.96193244,9.26193244,8.66193244,8.11907,-0.84286244,8.5,-0.46193244,8.980348003,0.018415563,9.019546855,0.057614415
171,8.96193244,9.26193244,8.66193244,8.11907,-0.84286244,8.5,-0.46193244,8.980646382,0.018713943,9.007731163,0.045798724
172,8.96193244,9.26193244,8.66193244,8.11907,-0.84286244,8.5,-0.46193244,8.980944762,0.019012322,8.934038306,-0.027894134
173,8.96193244,9.26193244,8.66193244,8.11907,-0.84286244,8.5,-0.46193244,8.981243142,0.019310702,8.895874749,-0.06605769
174,8.96193244,9.26193244,8.66193244,8.11907,-0.84286244,8.5,-0.46193244,8.981541522,0.019609082,8.875034447,-0.086897992
175,8.96193244,9.26193244,8.66193244,8.11907,-0.84286244,8.5,-0.46193244,8.981839901,0.019907462,8.895303633,-0.066628806
176,8.96193244,9.26193244,8.66193244,8.11907,-0.84286244,8.5,-0.46193244,8.982138281,0.020205841,8.863851325,-0.098081114
177,8.96193244,9.26193244,8.66193244,8.11907,-0.84286244,8.5,-0.46193244,8.982436661,0.020504221,8.940780559,-0.021151881
178,8.96193244,9.26193244,8.66193244,8.11907,-0.84286244,8.5,-0.46193244,8.982735041,0.020802601,8.996507033,0.034574594
179,8.96193244,9.26193244,8.66193244,8.11907,-0.84286244,8.5,-0.46193244,8.98303342,0.021100981,8.993982205,0.032049765
180,8.96193244,9.26193244,8.66193244,8.11907,-0.84286244,8.5,-0.46193244,8.9833318,0.021399361,9.048749302,0.086816863
181,8.96193244,9.26193244,8.66193244,8.11907,-0.84286244,8.5,-0.46193244,8.98363018,0.02169774,8.997382847,0.035450408
182,8.96193244,9.26193244,8.66193244,8.11907,-0.84286244,8.5,-0.46193244,8.98392856,0.02199612,9.010992534,0.049060095
183,8.96193244,9.26193244,8.66193244,8.11907,-0.84286244,8.5,-0.46193244,8.984226939,0.0222945,9.006931166,0.044998726
184,8.96193244,9.26193244,8.66193244,8.11907,-0.84286244,8.5,-0.46193244,8.984525319,0.02259288,8.978685175,0.016752736
185,8.96193244,9.26193244,8.66193244,8.11907,-0.84286244,8.5,-0.46193244,8.984823699,0.022891259,8.964859465,0.002927026
186,8.96193244,9.26193244,8.66193244,8.11907,-0.84286244,8.5,-0.46193244,8.985122079,0.023189639,9.004164184,0.042231744
187,8.96193244,9.26193244,8.66193244,8.11907,-0.84286244,8.5,-0.46193244,8.985420458,0.023488019,9.02955415,0.06762171
188,8.96193244,9.26193244,8.66193244,8.11907,-0.84286244,8.5,-0.46193244,8.985718838,0.023786399,9.018896978,0.056964539
189,8.96193244,9.26193244,8.66193244,8.11907,-0.84286244,8.5,-0.46193244,8.986017218,0.024084778,9.043296692,0.081364252
190,8.96193244,9.26193244,8.66193244,8.11907,-0.84286244,8.5,-0.46193244,8.986315598,0.024383158,9.009066701,0.047134262
191,8.96193244,9.26193244,8.66193244,8.11907,-0.84286244,8.5,-0.46193244,8.986613977,0.024681538,8.974182179,0.012249739
192,8.96193244,9.26193244,8.66193244,8.11907,-0.84286244,8.5,-0.46193244,8.986912357,0.024979918,8.989532077,0.027599637
193,8.96193244,9.26193244,8.66193244,8.11907,-0.84286244,8.5,-0.46193244,8.987210737,0.025278297,8.970149309,0.008216869
194,8.96193244,9.26193244,8.66193244,8.11907,-0.84286244,8.5,-0.46193244,8.987509117,0.025576677,9.033994148,0.072061709
195,8.96193244,9.26193244,8.66193244,8.11907,-0.84286244,8.5,-0.46193244,8.987807496,0.025875057,9.020749695,0.058817256
196,8.96193244,9.26193244,8.66193244,8.11907,-0.84286244,8.5,-0.46193244,8.988105876,0.026173437,9.009775907,0.047843467
197,8.96193244,9.26193244,8.66193244,8.11907,-0.84286244,8.5,-0.46193244,8.988404256,0.026471816,9.064411791,0.102479352
198,8.96193244,9.26193244,8.66193244,8.11907,-0.84286244,8.5,-0.46193244,8.988702636,0.026770196,9.056725917,0.094793478
199,8.96193244,9.26193244,8.66193244,8.11907,-0.84286244,8.5,-0.46193244,8.989001015,0.027068576,9.055141655,0.093209215
200,8.96193244,9.26193244,8.66193244,8.11907,-0.84286244,8.5,-0.46193244,8.989299395,0.027366956,8.995678306,0.033745866
201,8.96193244,9.26193244,8.66193244,8.11907,-0.84286244,8.5,-0.46193244,8.989597775,0.027665335,8.976316282,0.014383843
202,8.96193244,9.26193244,8.66193244,8.11907,-0.84286244,8.5,-0.46193244,8.98963,0.02769756,9.014007044,0.052074604
203,8.96193244,9.26193244,8.66193244,8.11907,-0.84286244,8.5,-0.46193244,8.98963,0.02769756,9.025422989,0.06349055
204,8.96193244,9.26193244,8.66193244,8.11907,-0.84286244,8.5,-0.46193244,8.98963,0.02769756,9.022566701,0.060634262
205,8.96193244,9.26193244,8.66193244,8.11907,-0.84286244,8.5,-0.46193244,8.98963,0.02769756,9.037690336,0.075757896
206,8.96193244,9.26193244,8.66193244,8.11907,-0.84286244,8.5,-0.46193244,8.98963,0.02769756,9.036323454,0.074391014
207,8.96193244,9.26193244,8.66193244,8.11907,-0.84286244,8.5,-0.46193244,8.98963,0.02769756,9.026471589,0.06453915
208,8.96193244,9.26193244,8.66193244,8.11907,-0.84286244,8.5,-0.46193244,8.98963,0.02769756,9.04839413,0.08646169
209,8.96193244,9.26193244,8.66193244,8.11907,-0.84286244,8.5,-0.46193244,8.98963,0.02769756,9.04250174,0.0805693
210,8.96193244,9.26193244,8.66193244,8.11907,-0.84286244,8.5,-0.46193244,8.98963,0.02769756,8.996649249,0.034716809
211,8.96193244,9.26193244,8.66193244,8.11907,-0.84286244,8.5,-0.46193244,8.98963,0.02769756,9.038401657,0.076469218
212,8.96193244,9.26193244,8.66193244,8.11907,-0.84286244,8.5,-0.46193244,8.98963,0.02769756,9.023952082,0.062019642
213,8.96193244,9.26193244,8.66193244,8.11907,-0.84286244,8.5,-0.46193244,8.98963,0.02769756,8.989077,0.02714456
214,8.96193244,9.26193244,8.66193244,8.11907,-0.84286244,8.5,-0.46193244,8.98963,0.02769756,9.008661959,0.046729519
215,8.96193244,9.26193244,8.66193244,8.11907,-0.84286244,8.5,-0.46193244,8.98963,0.02769756,9.02925077,0.067318331
216,8.96193244,9.26193244,8.66193244,8.11907,-0.84286244,8.5,-0.46193244,8.98963,0.02769756,9.046853353,0.084920914
217,8.96193244,9.26193244,8.66193244,8.11907,-0.84286244,8.5,-0.46193244,8.98963,0.02769756,9.000808335,0.038875896
218,8.96193244,9.26193244,8.66193244,8.11907,-0.84286244,8.5,-0.46193244,8.98963,0.02769756,8.974633918,0.012701479
219,8.96193244,9.26193244,8.66193244,8.11907,-0.84286244,8.5,-0.46193244,8.98963,0.02769756,8.959233139,-0.002699301
220,8.96193244,9.26193244,8.66193244,8.11907,-0.84286244,8.5,-0.46193244,8.98963,0.02769756,9.003091417,0.041158977
221,8.96193244,9.26193244,8.66193244,8.11907,-0.84286244,8.5,-0.46193244,8.98963,0.02769756,9.018398809,0.05646637
222,8.96193244,9.26193244,8.66193244,8.11907,-0.84286244,8.5,-0.46193244,8.98963,0.02769756,9.067333395,0.105400955
223,8.96193244,9.26193244,8.66193244,8.11907,-0.84286244,8.5,-0.46193244,8.98963,0.02769756,9.0851817,0.12324926
224,8.96193244,9.26193244,8.66193244,8.11907,-0.84286244,8.5,-0.46193244,8.98963,0.02769756,9.03641561,0.074483171
225,8.96193244,9.26193244,8.66193244,8.11907,-0.84286244,8.5,-0.46193244,8.98963,0.02769756,9.036862489,0.07493005
226,8.96193244,9.26193244,8.66193244,8.11907,-0.84286244,8.5,-0.46193244,8.98963,0.02769756,9.008827998,0.046895558
227,8.96193244,9.26193244,8.66193244,8.11907,-0.84286244,8.5,-0.46193244,8.98963,0.02769756,8.999680598,0.037748159
228,8.96193244,9.26193244,8.66193244,8.11907,-0.84286244,8.5,-0.46193244,8.98963,0.02769756,9.056130614,0.094198174
229,8.96193244,9.26193244,8.66193244,8.11907,-0.84286244,8.5,-0.46193244,8.98963,0.02769756,9.016184161,0.054251721
230,8.96193244,9.26193244,8.66193244,8.11907,-0.84286244,8.5,-0.46193244,8.98963,0.02769756,8.983368612,0.021436173
231,8.96193244,9.26193244,8.66193244,8.11907,-0.84286244,8.5,-0.46193244,8.98963,0.02769756,9.040030324,0.078097884
232,8.96193244,9.26193244,8.66193244,8.11907,-0.84286244,8.5,-0.46193244,8.98963,0.02769756,9.025537877,0.063605437
233,8.96193244,9.26193244,8.66193244,8.11907,-0.84286244,8.5,-0.46193244,8.98963,0.02769756,9.04576866,0.08383622
234,8.96193244,9.26193244,8.66193244,8.11907,-0.84286244,8.5,-0.46193244,8.98963,0.02769756,9.020264669,0.058332229
235,8.96193244,9.26193244,8.66193244,8.11907,-0.84286244,8.5,-0.46193244,8.98963,0.02769756,9.012992616,0.051060177
236,8.96193244,9.26193244,8.66193244,8.11907,-0.84286244,8.5,-0.46193244,8.98963,0.02769756,9.027292547,0.065360107
237,8.96193244,9.26193244,8.66193244,8.11907,-0.84286244,8.5,-0.46193244,8.98963,0.02769756,9.028618839,0.0666864
238,8.96193244,9.26193244,8.66193244,8.11907,-0.84286244,8.5,-0.46193244,8.98963,0.02769756,9.04422887,0.08229643
239,8.96193244,9.26193244,8.66193244,8.11907,-0.84286244,8.5,-0.46193244,8.98963,0.02769756,9.088438463,0.126506023
240,8.96193244,9.26193244,8.66193244,8.11907,-0.84286244,8.5,-0.46193244,8.98963,0.02769756,9.070592489,0.108660049
241,8.96193244,9.26193244,8.66193244,8.11907,-0.84286244,8.5,-0.46193244,8.98963,0.02769756,8.98445314,0.0225207
242,8.96193244,9.26193244,8.66193244,8.11907,-0.84286244,8.5,-0.46193244,8.98963,0.02769756,9.018611425,0.056678985
243,8.96193244,9.26193244,8.66193244,8.11907,-0.84286244,8.5,-0.46193244,8.98963,0.02769756,9.01089419,0.048961751
244,8.96193244,9.26193244,8.66193244,8.11907,-0.84286244,8.5,-0.46193244,8.98963,0.02769756,8.988020318,0.026087878
245,8.96193244,9.26193244,8.66193244,8.11907,-0.84286244,8.5,-0.46193244,8.98963,0.02769756,9.073304766,0.111372326
246,8.96193244,9.26193244,8.66193244,8.11907,-0.84286244,8.5,-0.46193244,8.98963,0.02769756,9.082815914,0.120883475
247,8.96193244,9.26193244,8.66193244,8.11907,-0.84286244,8.5,-0.46193244,8.98963,0.02769756,9.097592416,0.135659977
248,8.96193244,9.26193244,8.66193244,8.11907,-0.84286244,8.5,-0.46193244,8.98963,0.02769756,9.112285025,0.150352585
249,8.96193244,9.26193244,8.66193244,8.11907,-0.84286244,8.5,-0.46193244,8.98963,0.02769756,9.073702466,0.111770027
250,8.96193244,9.26193244,8.66193244,8.11907,-0.84286244,8.5,-0.46193244,8.98963,0.02769756,9.060546223,0.098613783