time,lat,lon,dep,mag
2023-06-16T07:23:29.956000Z,64.4203,-163.6382,14.2,4.2
2023-06-16T07:04:13.434000Z,55.3289,-156.7338,9.5,4.6
2023-06-13T20:08:13.519000Z,61.3905,-150.8825,56.5,4.3
2023-06-13T16:16:02.390000Z,51.4427,-178.4426,16.252,5.3
2023-06-12T06:30:44.319000Z,52.803,-170.4383,114.088,4.0
2023-06-07T00:56:36.622000Z,57.0081,-155.9271,1.7,4.5
2023-06-06T16:06:50.959000Z,53.5032,-163.1656,17.032,4.7
2023-06-04T00:54:50.884000Z,53.5664,-163.472,13.656,4.6
2023-06-03T22:49:23.196000Z,53.5047,-163.2804,10.0,4.6
2023-06-03T15:24:57.954000Z,53.6118,-163.2904,23.755,4.8
2023-06-03T04:51:11.780000Z,52.2484,-178.678,188.751,4.1
2023-06-01T11:47:16.926000Z,51.3517,-178.5596,52.013,4.5
2023-05-27T16:49:23.315000Z,60.2811,-152.9733,136.3,4.4
2023-05-27T16:49:22.219000Z,60.2773,-152.9954,138.674,4.6
2023-05-26T02:17:59.513000Z,61.7042,-150.8255,56.6,4.2
2023-05-21T10:24:11.610000Z,52.8967,-166.9188,39.404,4.0
2023-05-18T21:08:23.765000Z,51.7942,-176.4854,59.825,4.6
2023-05-18T13:13:19.494000Z,52.5607,-176.2899,195.216,4.6
2023-05-17T05:34:56.385000Z,57.3197,-150.0386,11.8,4.0
2023-05-16T17:11:27.235000Z,53.0349,-173.7741,245.984,4.3
2023-05-13T20:19:47.593000Z,53.2325,-169.7939,111.563,5.4
2023-05-13T03:53:57.245000Z,61.0517,-151.1442,16.1,4.6
2023-05-13T02:27:43.598000Z,58.2256,-155.1918,4.3,4.0
2023-05-09T14:10:44.586000Z,53.6937,-167.3899,91.374,4.9
2023-05-08T14:54:08.849000Z,51.5219,-175.5047,43.136,4.5
2023-05-05T07:44:56.716000Z,58.5416,-154.0137,74.4,4.2
2023-05-05T07:34:14.541000Z,53.4719,-163.3784,16.685,4.6
2023-05-04T08:02:12.206000Z,54.1121,-162.8301,35.0,4.2
2023-05-03T16:52:39.527000Z,53.3081,-164.444,18.545,4.5
2023-04-24T13:09:11.266000Z,54.6707,-157.7449,5.7,4.8
2023-04-22T21:23:56.567000Z,55.4073,-157.0756,7.7,4.3
2023-04-22T12:54:50.516000Z,50.7276,-174.5045,10.0,4.6
2023-04-21T18:17:11.033000Z,52.3934,-175.8373,173.259,4.7
2023-04-10T00:16:56.357000Z,60.9876,-150.8293,55.5,4.8
2023-04-08T20:25:11.772000Z,53.9114,-165.4682,65.5,5.1
2023-04-08T20:25:11.772000Z,53.9114,-165.4682,65.5,5.1
2023-04-08T20:25:11.772000Z,53.9114,-165.4682,65.536,5.1
2023-04-08T20:25:11.143000Z,53.8134,-165.3562,56.2,5.1
2023-04-08T07:17:42.524000Z,51.7196,-175.3241,55.097,4.8
2023-03-26T01:43:02.371000Z,52.3979,-168.1901,38.347,4.1
2023-03-20T23:25:28.964000Z,53.8329,-169.7303,211.541,4.9
2023-03-19T15:06:27.280000Z,59.6095,-151.907,65.4,5.4
2023-03-19T10:12:11.887000Z,63.1047,-150.9621,122.4,4.2
2023-03-17T03:33:15.894000Z,52.6261,-170.072,57.861,4.0
2023-03-12T11:52:34.241000Z,51.4945,-178.3041,32.989,4.1
2023-03-11T00:38:58.759000Z,51.2339,-178.2776,35.0,4.6
2023-03-08T04:01:47.425000Z,60.1172,-153.4067,159.3,4.3
2023-03-07T13:12:10.721000Z,54.6335,-159.7116,35.0,4.5
2023-03-06T02:59:36.188000Z,53.8626,-163.9123,44.468,4.3
2023-03-04T10:31:43.009000Z,51.6303,-173.7728,58.438,4.2
2023-03-03T08:33:36.265000Z,58.2432,-156.0074,144.8,4.1
2023-03-03T08:33:34.768000Z,58.2538,-156.0123,150.803,4.4
2023-03-02T06:56:28.708000Z,63.8634,-153.218,10.2,4.7
2023-03-01T05:57:59.195000Z,59.0067,-151.168,24.2,4.5
2023-02-27T09:32:57.242000Z,57.297,-154.2645,27.2,4.6
2023-02-26T13:53:18.646000Z,51.5219,-178.2995,49.194,5.0
2023-02-26T13:53:17.356000Z,51.4632,-178.2961,42.7,5.0
2023-02-25T18:12:53.840000Z,54.8041,-160.0255,38.982,4.4
2023-02-25T18:12:16.737000Z,54.4366,-159.6711,36.376,4.4
2023-02-24T22:00:44.352000Z,59.0284,-151.1926,41.7,4.7
2023-02-24T11:50:47.745000Z,54.375,-161.4987,44.205,4.8
2023-02-23T17:27:33.786000Z,51.1043,-179.1203,35.0,4.0
2023-02-22T11:04:45.368000Z,51.6865,-173.3403,44.499,4.0
2023-02-21T05:35:25.546000Z,56.8378,-153.048,11.7,5.4
2023-02-21T05:35:25.546000Z,56.8378,-153.048,11.7,5.4
2023-02-20T05:34:16.271000Z,58.9321,-154.5175,130.5,4.3
2023-02-19T05:19:38.907000Z,52.7731,-168.1467,35.0,4.0
2023-02-19T01:46:57.181000Z,59.3924,-153.0211,82.0,4.2
2023-02-18T04:30:05.444000Z,52.758,-174.4939,215.817,4.0
2023-02-16T23:32:34.019000Z,61.5269,-150.5443,65.1,4.0
2023-02-15T07:35:22.919000Z,51.2181,-179.1863,35.0,5.3
2023-02-13T01:31:23.558000Z,52.9828,-168.9584,70.546,4.0
2023-02-12T02:59:56.033000Z,63.06,-150.9053,117.9,4.2
2023-02-07T13:31:20.342000Z,50.6464,-173.3364,10.0,4.3
2023-02-03T11:26:47.422000Z,51.9816,-169.1671,11.292,4.4
2023-02-03T11:26:24.394000Z,52.2704,-169.4108,39.728,4.2
2023-02-03T10:36:38.990000Z,56.0189,-157.9318,60.555,4.1
2023-02-03T08:35:35.201000Z,52.2801,-169.471,35.0,4.0
2023-02-03T07:05:06.539000Z,52.3035,-169.509,43.361,4.3
2023-02-02T14:48:25.798000Z,61.0667,-152.2226,112.6,5.0
2023-01-29T22:36:39.698000Z,52.4676,-169.7176,57.078,4.0
2023-01-26T16:41:36.795000Z,50.6242,-172.6389,13.386,5.1
2023-01-25T15:13:35.749000Z,57.4916,-154.9097,53.3,4.5
2023-01-22T03:27:42.247000Z,53.3295,-169.299,129.185,4.8
2023-01-21T04:07:10.041000Z,53.49,-163.628,28.952,4.6
2023-01-19T11:45:11.225000Z,53.428,-163.5562,7.805,4.8
2023-01-19T08:36:27.138000Z,53.4846,-163.6103,23.541,4.2
2023-01-13T11:04:46.021000Z,60.2539,-152.5011,87.7,4.0
2023-01-10T19:42:02.909000Z,54.6782,-156.8589,20.0,5.0
2023-01-08T18:11:46.508000Z,60.2086,-152.4404,87.6,4.1
2023-01-08T10:22:40.059000Z,53.2111,-164.3873,22.163,4.8
2023-01-02T00:50:10.984000Z,52.3274,-168.3055,28.684,4.3
2022-12-31T06:13:27.075000Z,54.8937,-160.2952,39.134,4.6
2022-12-26T20:02:26.134000Z,59.6913,-152.7955,88.5,4.0
2022-12-25T13:27:37.116000Z,53.5336,-164.9523,35.0,4.4
2022-12-24T20:48:58.541000Z,52.7638,-166.7293,18.047,4.6
2022-12-22T10:46:21.890000Z,56.1993,-153.2198,9.5,4.5
2022-12-21T08:50:49.870000Z,53.9108,-160.8635,12.754,4.9
2022-12-18T05:38:24.113000Z,59.8391,-153.2934,120.2,4.0
2022-12-16T03:09:52.656000Z,52.4428,-174.2394,156.678,4.2
2022-12-12T15:02:53.748000Z,51.6416,-175.2373,49.679,4.0
2022-12-12T08:09:01.511000Z,59.2779,-150.6426,36.7,4.7
2022-12-11T19:45:20.300000Z,52.613,-166.9234,10.0,4.0
2022-12-08T10:17:02.283000Z,51.6264,-175.4385,56.647,4.3
2022-12-05T15:33:46.057000Z,51.6633,-175.3849,51.908,4.8
2022-12-05T07:11:10.257000Z,52.28,-168.2723,10.0,4.9
2022-12-01T11:59:00.355000Z,53.1557,-166.8642,44.409,4.8
2022-12-01T05:21:07.831000Z,51.7112,-175.3004,48.985,4.2
2022-11-27T19:55:01.163000Z,51.5244,-175.6184,56.966,4.8
2022-11-25T07:58:48.460000Z,51.2186,-179.2667,35.0,4.3
2022-11-22T03:27:30.119000Z,52.3355,-168.1876,15.523,4.6
2022-11-21T15:09:29.135000Z,52.3364,-168.0685,0.8,5.5
2022-11-21T15:09:29.003000Z,52.2913,-168.1639,13.217,5.5
2022-11-20T14:35:33.581000Z,58.2445,-155.1783,4.2,4.03
2022-11-19T09:42:39.221000Z,51.8256,-177.9451,5.0,4.1
2022-11-18T00:03:09.832000Z,61.3504,-150.1678,42.9,4.9
2022-11-14T20:20:00.077000Z,55.714,-155.2602,10.0,4.0
2022-11-14T16:15:30.201000Z,52.1845,-178.5661,161.782,4.2
2022-11-13T09:20:47.823000Z,50.9958,-179.1367,35.0,4.7
2022-11-11T09:19:49.974000Z,62.5355,-150.9911,79.4,4.3
2022-11-09T16:57:12.481000Z,51.2419,-177.8712,35.462,4.0
2022-11-08T14:38:45.729000Z,52.4101,-179.4194,209.218,4.6
2022-11-08T00:00:25.118000Z,52.9263,-167.6687,43.864,4.5
2022-11-07T21:18:09.595000Z,51.6323,-175.3332,46.455,4.2
2022-11-07T20:45:52.423000Z,51.6013,-175.3342,35.0,4.1
2022-11-06T10:02:04.711000Z,51.5505,-175.9836,49.145,5.1
2022-11-06T01:11:43.830000Z,52.0645,-166.4471,10.0,4.5
2022-11-02T08:42:49.976000Z,51.6557,-175.3904,47.933,4.0
2022-10-31T04:02:17.694000Z,60.4327,-152.739,12.9,4.1
2022-10-29T19:43:14.057000Z,51.275,-174.1852,10.0,4.2
2022-10-29T19:41:32.219000Z,51.1904,-174.2006,16.676,4.7
2022-10-29T19:40:33.405000Z,51.2227,-174.239,18.086,4.5
2022-10-29T17:51:44.379000Z,52.6986,-175.1405,8.406,4.0
2022-10-29T17:44:48.531000Z,51.3834,-174.3143,41.461,4.0
2022-10-29T13:24:08.306000Z,51.3476,-174.3508,39.614,4.7
2022-10-29T04:53:52.898000Z,51.4346,-174.3759,46.251,4.0
2022-10-28T22:24:05.033000Z,51.321,-174.3736,35.0,4.1
2022-10-28T21:33:37.166000Z,51.2906,-174.2769,39.232,4.2
2022-10-26T16:25:29.652000Z,56.6844,-169.0544,11.919,4.7
2022-10-26T09:30:50.886000Z,54.8839,-160.267,39.721,4.9
2022-10-23T13:23:51.116000Z,55.4949,-157.1381,3.8,4.4
2022-10-22T05:02:35.125000Z,61.8178,-151.1006,68.3,4.4
2022-10-21T13:48:07.448000Z,51.449,-178.5445,66.323,4.2
2022-10-20T22:50:50.915000Z,51.3906,-174.4124,25.054,4.7
2022-10-17T06:20:37.549000Z,59.7369,-153.1277,106.6,4.3
2022-10-16T14:44:10.224000Z,51.0444,-179.2444,35.0,4.2
2022-10-16T14:39:20.233000Z,50.9371,-179.2038,10.0,4.6
2022-10-14T13:02:29.618000Z,61.1681,-151.9662,136.4,4.0
2022-10-13T03:22:01.044000Z,52.3498,-168.6204,37.781,4.1
2022-10-12T09:15:48.229000Z,55.4645,-157.1258,11.5,4.3
2022-10-12T08:34:58.933000Z,56.2039,-154.168,6.2,4.6
2022-10-11T22:07:33.655000Z,53.1584,-166.8917,44.173,4.7
2022-10-11T06:21:08.751000Z,52.5858,-170.0743,75.463,4.0
2022-10-11T02:16:34.102000Z,53.2279,-166.9298,50.736,4.4
2022-10-10T23:24:55.065000Z,54.7953,-159.6616,35.0,4.8
2022-10-10T16:00:56.961000Z,60.4369,-152.0469,83.7,4.4
2022-10-10T01:50:50.475000Z,54.5128,-159.7187,27.496,4.6
2022-10-10T00:54:03.208000Z,52.179,-170.4192,46.441,4.8
2022-10-09T21:20:36.127000Z,55.517,-157.0369,19.9,4.3
2022-10-09T03:44:37.516000Z,57.727,-155.9212,5.1,4.6
2022-10-09T00:44:07.674000Z,52.413,-170.5881,60.715,4.3
2022-10-07T11:57:38.908000Z,63.1484,-171.6263,10.034,4.0
2022-10-07T09:51:59.907000Z,52.2688,-170.5386,50.947,4.1
2022-10-05T22:16:48.866000Z,62.9792,-150.425,101.3,4.8
2022-10-05T03:28:15.975000Z,59.9628,-152.9287,120.1,4.6
2022-10-02T23:03:08.220000Z,59.4499,-154.4853,168.3,4.3
2022-10-02T23:03:06.975000Z,59.4694,-154.5665,171.963,4.6
2022-09-30T23:23:34.220000Z,60.4557,-152.764,13.1,4.1
2022-09-30T06:38:09.712000Z,52.4375,-169.5031,42.619,4.3
2022-09-30T01:20:12.479000Z,52.3477,-169.5087,42.889,4.6
2022-09-29T19:10:24.932000Z,55.0265,-159.5324,34.986,4.3
2022-09-22T18:30:11.489000Z,55.4767,-155.1621,33.0,4.0
2022-09-21T04:02:30.180000Z,62.9221,-150.7833,105.9,4.1
2022-09-20T08:37:38.782000Z,56.141,-156.4328,35.7,4.9
2022-09-19T21:43:34.982000Z,51.6097,-173.5759,38.997,4.0
2022-09-19T21:25:58.456000Z,52.9116,-161.0121,10.0,4.0
2022-09-15T14:02:38.350000Z,52.5979,-179.9658,235.844,4.6
2022-09-13T17:57:26.249000Z,56.4707,-152.6332,10.0,4.1
2022-09-12T18:46:30.433000Z,56.2727,-156.5647,45.7,4.0
2022-09-11T16:04:27.867000Z,51.357,-167.7932,10.0,4.2
2022-09-09T23:08:24.390000Z,56.3087,-152.6545,20.6,4.5
2022-09-07T20:41:05.699000Z,51.3078,-178.5497,51.411,4.8
2022-09-03T11:32:35.733000Z,52.048,-171.7355,65.609,4.0
2022-09-02T02:45:32.055000Z,51.6853,-176.7797,57.893,4.7
2022-08-30T18:23:47.136000Z,55.0589,-155.6134,42.4,4.5
2022-08-30T18:18:09.272000Z,55.0693,-155.5438,6.1,4.5
2022-08-29T21:32:34.105000Z,55.3776,-159.4004,4.7,4.1
2022-08-23T00:55:59.234000Z,52.0219,-173.8242,69.242,4.4
2022-08-17T02:00:18.602000Z,55.908,-155.8112,33.2,5.0
2022-08-16T22:06:09.329000Z,59.2126,-152.1586,72.0,4.2
2022-08-16T02:47:36.218000Z,53.1098,-166.9644,45.536,4.1
2022-08-13T09:32:53.642000Z,52.4724,-167.7597,35.0,4.4
2022-08-09T21:21:11.188000Z,52.1777,-171.2803,25.814,4.3
2022-08-07T14:01:46.957000Z,53.4855,-165.7068,43.992,4.5
2022-08-06T08:17:24.938000Z,52.5967,-176.0777,223.644,4.1
2022-08-01T05:45:53.179000Z,52.3658,-168.0956,35.0,4.0
2022-08-01T04:08:17.283000Z,52.2254,-168.1111,10.0,4.9
2022-08-01T01:59:30.590000Z,54.1817,-166.4037,108.775,4.3
2022-08-01T00:36:40.959000Z,53.5635,-165.357,42.312,5.3
2022-07-31T14:04:51.922000Z,52.1529,-171.2562,10.0,4.2
2022-07-21T01:34:51.688000Z,51.4625,-178.4542,10.0,4.0
2022-07-15T11:18:22.546000Z,51.6684,-176.3827,56.82,4.1
2022-07-12T07:24:58.285000Z,60.9805,-150.9365,51.1,4.7
2022-07-10T23:10:36.123000Z,57.7354,-153.932,40.9,4.1
2022-07-10T22:10:33.175000Z,51.5027,-175.9639,41.62,4.0
2022-07-10T20:57:32.337000Z,51.6409,-175.7972,45.433,4.2
2022-07-08T22:53:45.374000Z,52.7404,-174.1573,175.85,4.1
2022-07-08T09:40:18.446000Z,52.1689,-174.9394,10.0,5.1
2022-07-05T04:25:31.660000Z,56.6584,-169.1194,10.0,4.2
2022-07-04T21:11:31.939000Z,60.1435,-153.2717,151.7,4.2
2022-07-04T09:19:07.504000Z,56.6137,-169.1738,10.0,5.2
2022-07-04T09:17:43.060000Z,56.632,-169.0707,10.014,5.4
2022-07-03T20:33:17.412000Z,51.7186,-176.8195,56.26,4.7
2022-07-03T11:49:28.576000Z,63.4312,-150.313,134.0,4.0
2022-06-30T16:22:50.416000Z,54.7073,-161.4357,52.74,4.2
2022-06-23T14:01:45.757000Z,53.1178,-167.4791,50.94,4.3
2022-06-20T19:09:52.011000Z,60.6236,-151.8041,73.1,4.0
2022-06-14T14:05:04.327000Z,53.3455,-163.8943,4.98,4.2
2022-06-09T18:44:12.966000Z,54.5299,-159.5327,29.17,4.8
2022-06-07T14:55:19.831000Z,53.663,-169.7001,159.58,4.1
2022-06-04T02:19:37.532000Z,54.8526,-159.588,42.71,4.1
2022-06-02T23:26:02.995000Z,52.3142,-170.0043,36.54,5.2
2022-06-02T21:54:21.588000Z,63.1002,-150.8278,119.8,4.1
2022-06-02T21:41:52.255000Z,55.3702,-156.9571,82.8,5.1
2022-06-02T20:45:26.217000Z,52.7162,-175.5919,223.1,4.0
2022-06-02T19:02:49.108000Z,55.0977,-156.812,0.0,4.4
2022-06-02T12:18:05.851000Z,52.1162,-169.823,10.0,4.0
2022-05-31T14:41:40.650000Z,51.4642,-178.3461,46.28,5.0
2022-05-26T23:36:04.723000Z,54.4982,-163.2828,10.42,4.2
2022-05-23T11:29:22.490000Z,51.4221,-178.3765,53.54,4.3
2022-05-23T09:10:53.692000Z,59.5205,-152.0754,53.7,4.0
2022-05-13T15:26:09.959000Z,50.9434,-178.0812,10.0,4.5
2022-05-10T23:40:59.252000Z,52.2107,-168.7565,10.0,4.0
2022-05-09T18:49:05.415000Z,60.0548,-152.7344,93.3,4.0
2022-05-09T18:08:23.176000Z,54.9958,-157.659,10.0,4.4
2022-05-08T04:16:02.503000Z,60.9923,-151.9764,94.3,4.4
2022-05-05T22:58:42.694000Z,51.4938,-176.7934,47.19,4.5
2022-05-04T12:12:27.713000Z,53.2629,-160.6764,10.0,4.2
2022-05-03T23:13:56.890000Z,52.3025,-170.5779,40.77,4.0
2022-05-01T14:54:58.233000Z,52.8236,-168.4717,50.24,4.0
2022-04-30T05:05:01.844000Z,58.7268,-152.045,41.7,4.1
2022-04-29T23:49:24.957000Z,54.7102,-159.6742,27.68,4.1
2022-04-29T11:25:14.312000Z,54.5733,-156.72,23.9,4.4
2022-04-28T04:14:56.810000Z,52.7354,-174.5396,193.45,4.0
2022-04-28T03:33:39.903000Z,56.3596,-156.4956,83.1,5.2
2022-04-25T16:31:29.034000Z,54.446,-156.1136,25.9,5.4
2022-04-23T07:21:51.347000Z,52.8652,-166.8278,26.85,4.5
2022-04-23T06:37:38.680000Z,52.6979,-170.6183,10.0,4.0
2022-04-22T05:27:35.067000Z,56.2728,-161.634,209.68,5.2
2022-04-13T14:23:07.752000Z,54.7358,-159.8675,31.36,4.2
2022-04-12T14:35:19.767000Z,54.334,-160.8574,35.82,4.1
2022-04-12T09:15:09.414000Z,50.1843,-179.9093,10.0,4.7
2022-04-11T22:03:25.456000Z,52.7716,-165.4674,10.0,4.0
2022-04-10T22:29:29.160000Z,56.6471,-156.4416,51.3,4.6
2022-04-10T03:23:40.681000Z,54.7404,-164.1408,9.58,4.0
2022-03-31T22:50:09.097000Z,55.7764,-159.7088,78.1,4.0
2022-03-24T18:07:56.147000Z,50.6209,-174.9121,10.0,4.3
2022-03-23T19:42:12.116000Z,51.5056,-175.9676,41.64,4.2
2022-03-23T18:45:12.829000Z,60.2258,-153.0911,148.0,4.7
2022-03-14T03:38:31.135000Z,53.2583,-166.9091,48.94,4.1
2022-03-13T20:05:34.555000Z,51.6368,-175.3029,44.88,4.1
2022-03-12T19:59:48.801000Z,60.7797,-152.0345,88.4,4.8
2022-03-09T14:40:30.024000Z,53.8623,-165.1637,63.87,4.0
2022-03-07T21:40:52.180000Z,51.7611,-176.7679,74.62,4.2
2022-03-07T21:30:31.716000Z,51.0309,-176.6853,10.0,4.1
2022-03-07T17:55:38.242000Z,50.9062,-176.5896,10.0,4.0
2022-03-02T15:27:10.142000Z,53.4102,-164.1832,29.4,4.3
2022-02-28T14:28:00.010000Z,52.9254,-166.883,35.0,4.5
2022-02-25T18:01:34.547000Z,52.2791,-173.8379,171.28,4.2
2022-02-24T13:16:32.972000Z,54.6281,-158.1852,10.0,4.0
2022-02-22T07:32:31.514000Z,52.8524,-168.2926,48.65,4.0
2022-02-22T04:10:05.019000Z,53.3092,-166.7035,46.56,5.1
2022-02-21T03:55:55.806000Z,59.8859,-152.3093,84.3,4.1
2022-02-21T02:33:05.411000Z,53.1893,-166.801,36.6,5.1
2022-02-20T22:09:03.200000Z,51.0283,-179.5188,35.0,4.0
2022-02-20T12:58:15.813000Z,61.7987,-151.7999,108.0,4.2
2022-02-20T11:47:08.904000Z,55.277,-157.8121,26.1,5.3
2022-02-20T00:49:23.533000Z,53.882,-164.1493,48.23,4.0
2022-02-17T09:45:06.932000Z,54.4937,-159.7735,26.61,4.4
2022-02-14T20:05:54.242000Z,54.5807,-161.1545,35.0,4.0
2022-02-14T03:35:56.895000Z,53.0324,-166.6515,10.0,4.0
2022-02-13T22:31:49.945000Z,54.7005,-156.7352,19.7,4.0
2022-02-12T03:04:28.109000Z,52.5725,-167.8768,40.83,4.0
2022-02-11T01:05:51.134000Z,55.0186,-157.8578,13.2,4.7
2022-02-10T11:53:57.287000Z,53.2326,-166.842,42.69,4.1
2022-02-08T21:20:16.928000Z,52.7896,-167.5659,16.56,4.3
2022-02-08T04:58:11.061000Z,54.958,-156.3009,32.6,4.5
2022-02-07T19:08:19.180000Z,62.5149,-151.5482,97.1,4.1
2022-02-05T06:12:26.384000Z,59.9579,-152.7842,102.8,4.0
2022-02-05T05:20:46.693000Z,53.6045,-163.319,21.22,4.0
2022-02-05T05:10:29.074000Z,53.5794,-163.2485,14.44,4.3
2022-02-04T05:33:25.422000Z,55.1485,-154.8799,12.0,4.2
2022-02-04T04:12:42.572000Z,63.0155,-150.4388,96.0,4.3
2022-02-03T23:53:31.646000Z,54.2697,-161.5975,31.22,5.4
2022-02-02T23:54:50.928000Z,53.1707,-166.6957,35.0,4.6
2022-02-02T09:07:35.122000Z,51.3421,-178.3462,45.92,4.3
2022-01-30T19:58:10.119000Z,53.2231,-166.7591,51.22,4.3
2022-01-29T10:23:00.165000Z,53.8399,-164.071,35.0,4.6
2022-01-29T09:56:15.284000Z,53.7654,-164.0172,35.0,4.5
2022-01-29T09:33:54.346000Z,53.8026,-164.0266,35.0,4.8
2022-01-25T22:52:43.024000Z,51.2469,-170.9388,10.0,4.0
2022-01-24T06:09:22.726000Z,53.2788,-166.7935,43.78,5.0
2022-01-23T19:10:42.127000Z,53.1216,-166.5848,38.98,4.6
2022-01-22T18:04:25.762000Z,55.5225,-155.7063,21.4,4.3
2022-01-22T05:19:05.208000Z,53.221,-166.8158,35.0,4.6
2022-01-22T05:17:04.896000Z,53.2402,-166.682,29.0,6.2
2022-01-21T05:18:26.444000Z,60.3163,-152.3603,115.3,5.1
2022-01-20T17:23:30.091000Z,53.0371,-170.6434,121.47,4.5
2022-01-20T11:37:14.528000Z,56.1216,-156.1809,47.2,4.1
2022-01-20T08:50:55.982000Z,51.6695,-175.6255,48.2,4.0
2022-01-19T23:24:20.711000Z,50.9201,-179.108,10.0,4.0
2022-01-15T00:22:53.174000Z,52.4373,-167.9724,23.69,4.0
2022-01-14T10:55:41.711000Z,52.2716,-167.9031,8.94,4.1
2022-01-13T05:47:12.055000Z,51.2444,-179.1222,45.39,5.0
2022-01-13T01:45:59.652000Z,51.1359,-179.9211,36.55,5.1
2022-01-12T14:28:12.004000Z,52.3613,-167.8805,16.88,4.6
2022-01-12T05:29:05.455000Z,52.1542,-167.7604,10.0,4.0
2022-01-12T02:31:59.172000Z,52.3991,-167.3752,4.85,4.7
2022-01-11T22:15:44.539000Z,52.2674,-167.9384,31.79,4.6
2022-01-11T18:18:15.025000Z,52.37,-167.9858,17.34,4.2
2022-01-11T18:01:39.557000Z,52.343,-168.1755,10.0,4.1
2022-01-11T17:03:55.966000Z,52.3511,-167.742,10.0,4.1
2022-01-11T16:16:07.315000Z,52.3038,-168.3232,10.0,4.0
2022-01-11T15:27:13.771000Z,52.4214,-167.7957,10.0,4.8
2022-01-11T15:24:15.058000Z,52.5867,-173.2955,187.46,4.2
2022-01-11T14:49:28.980000Z,52.3484,-168.1567,10.0,4.2
2022-01-11T14:43:25.713000Z,52.376,-168.0855,10.0,4.7
2022-01-11T14:16:13.377000Z,52.3466,-167.5852,10.0,4.2
2022-01-11T13:57:05.743000Z,52.3428,-167.6702,10.0,4.0
2022-01-11T13:50:20.738000Z,52.3577,-167.6126,10.0,4.4
2022-01-11T13:00:40.629000Z,52.2313,-168.0074,10.0,4.5
2022-01-11T12:55:17.488000Z,52.134,-167.8137,16.6,4.7
2022-01-11T12:53:49.938000Z,52.6548,-168.0527,45.02,5.8
2022-01-11T12:39:31.515000Z,52.6047,-168.155,11.23,6.6
2022-01-11T12:37:56.508000Z,52.5601,-168.0878,35.31,4.6
2022-01-11T12:04:11.488000Z,51.698,-167.5998,10.0,4.3
2022-01-11T11:54:06.289000Z,52.4009,-167.9292,37.26,4.8
2022-01-11T11:45:55.935000Z,52.5015,-168.02,32.19,5.4
2022-01-11T11:41:39.972000Z,52.2783,-167.827,25.6,4.0
2022-01-11T11:41:22.107000Z,52.2284,-167.8712,25.1,4.1
2022-01-11T11:35:46.156000Z,52.6563,-167.9169,22.32,6.8
2022-01-11T10:35:11.240000Z,53.0058,-171.4565,118.27,4.8
2022-01-11T05:25:16.774000Z,58.6643,-152.5048,2.2,4.4
2022-01-10T13:21:17.272000Z,50.1238,-176.9937,10.0,4.0
2022-01-05T14:30:19.031000Z,57.763,-155.1981,12.9,4.4
2022-01-05T14:23:42.495000Z,56.1994,-154.3888,38.3,4.4
2022-01-03T11:58:59.396000Z,53.518,-165.9066,49.79,4.2
2021-12-30T13:24:36.360000Z,57.2462,-154.9548,57.8,4.9
2021-12-29T18:05:23.537000Z,56.748,-153.1367,4.9,4.3
2021-12-29T03:23:18.964000Z,52.495,-169.6915,46.22,4.3
2021-12-25T23:10:13.392000Z,54.7991,-157.8686,9.8,4.5
2021-12-25T10:15:55.942000Z,55.149,-156.7983,2.6,4.2
2021-12-21T22:42:15.051000Z,60.1237,-153.2742,151.2,5.9
2021-12-21T17:02:03.983000Z,52.7042,-168.1614,42.72,4.3
2021-12-21T16:59:50.672000Z,52.7011,-168.159,35.0,4.0
2021-12-18T22:04:50.086000Z,59.8591,-153.7981,163.0,4.7
2021-12-16T18:57:55.437000Z,56.7414,-153.153,11.0,4.3
2021-12-14T01:22:44.989000Z,54.8538,-157.9247,4.3,4.0
2021-12-14T01:15:31.753000Z,51.3257,-177.586,35.0,4.0
2021-12-14T00:05:05.504000Z,51.6511,-173.2704,38.7,4.0
2021-12-14T00:02:13.291000Z,54.8586,-157.9358,10.0,4.3
2021-12-12T12:41:08.731000Z,53.6936,-164.9123,47.17,4.5
2021-12-12T09:55:29.240000Z,55.4143,-157.4797,7.9,4.8
2021-12-10T07:12:49.005000Z,51.6555,-173.9399,44.29,4.3
2021-12-06T22:20:49.846000Z,55.7208,-155.9557,33.4,4.5
2021-12-06T08:15:40.561000Z,54.7481,-157.8046,10.0,4.1
2021-12-05T01:01:21.801000Z,51.9767,-167.0703,10.0,5.2
2021-12-02T21:42:57.329000Z,51.3011,-174.7942,32.02,4.3
2021-11-22T11:27:09.744000Z,58.2894,-155.9455,141.3,4.3
2021-11-22T11:27:08.426000Z,58.2332,-155.7998,145.5,4.1
2021-11-22T05:27:57.472000Z,63.0537,-151.5191,6.2,4.1
2021-11-19T18:23:05.813000Z,56.5495,-157.0677,56.7,4.2
2021-11-18T09:50:37.224000Z,51.3617,-178.3258,48.47,5.2
2021-11-18T03:20:48.693000Z,54.7508,-159.6323,28.76,4.2
2021-11-15T09:19:14.422000Z,55.8296,-155.5231,10.4,4.3
2021-11-14T21:47:18.917000Z,52.7196,-174.5024,217.48,4.1
2021-11-11T18:58:50.859000Z,59.6404,-153.1243,109.4,4.0
2021-11-04T08:57:05.924000Z,52.6639,-167.9299,31.2,5.2
2021-11-02T18:15:00.203000Z,51.3094,-174.1183,16.35,4.0
2021-11-01T17:07:48.020000Z,53.1769,-164.1896,10.0,4.1
2021-10-31T16:37:46.049000Z,54.9255,-158.7303,25.0,5.6
2021-10-28T19:06:56.998000Z,55.0884,-158.8727,33.53,5.1
2021-10-28T18:38:09.892000Z,51.6292,-173.8145,42.23,4.0
2021-10-26T07:33:51.149000Z,60.1077,-153.578,166.0,4.2
2021-10-21T08:24:43.054000Z,55.3342,-155.4245,11.0,4.7
2021-10-18T15:21:37.250000Z,52.4562,-170.4431,38.74,4.2
2021-10-18T01:08:40.010000Z,51.1507,-179.1749,45.57,4.1
2021-10-17T19:27:11.506000Z,55.0355,-157.5925,24.6,4.3
2021-10-16T17:47:23.606000Z,60.1415,-151.4902,45.2,4.9
2021-10-15T02:50:28.425000Z,55.1879,-157.1923,38.3,4.0
2021-10-13T11:34:22.467000Z,54.9305,-156.2759,10.0,4.2
2021-10-11T19:40:25.274000Z,56.2823,-156.5443,57.4,4.1
2021-10-11T18:25:48.424000Z,51.4765,-174.4297,35.0,4.4
2021-10-11T13:59:31.772000Z,56.2795,-156.5721,50.1,4.4
2021-10-11T09:10:24.682000Z,56.2584,-156.5532,69.1,6.9
2021-10-09T05:59:49.133000Z,53.2174,-166.8792,43.83,4.1
2021-10-06T06:42:48.487000Z,53.4845,-163.5057,10.0,4.4
2021-10-06T05:21:51.083000Z,53.5396,-163.5226,10.0,4.4
2021-10-06T03:42:21.779000Z,53.4748,-163.4922,10.59,4.0
2021-10-05T22:59:19.346000Z,53.6537,-163.2612,21.99,4.4
2021-10-03T15:53:37.261000Z,52.1026,-171.2098,45.58,4.5
2021-10-02T19:50:28.066000Z,54.0452,-162.4182,47.82,4.0
2021-10-01T21:21:41.667000Z,52.2064,-176.1481,129.14,4.4
2021-10-01T14:12:52.714000Z,55.9084,-156.3262,45.2,5.1
2021-10-01T00:24:39.892000Z,51.9458,-171.1386,35.0,4.8
2021-10-01T00:10:52.386000Z,51.9879,-171.1093,35.0,5.1
2021-09-24T11:52:28.174000Z,51.0872,-179.0119,18.0,6.1
2021-09-24T07:02:28.996000Z,51.1367,-179.0326,18.0,5.5
2021-09-23T22:41:09.955000Z,52.7656,-168.4327,35.0,4.4
2021-09-19T13:17:46.128000Z,54.8182,-158.616,21.28,4.3
2021-09-16T23:05:07.936000Z,54.942,-156.3037,33.0,5.1
2021-09-16T17:51:55.858000Z,55.071,-156.4993,36.8,5.6
2021-09-15T13:27:53.275000Z,50.4424,-176.2725,10.0,4.0
2021-09-12T17:03:11.601000Z,53.4211,-163.5542,25.05,4.3
2021-09-10T09:15:14.856000Z,53.4676,-163.5766,10.08,4.1
2021-09-10T05:57:54.935000Z,53.3423,-163.4622,10.0,4.2
2021-09-09T19:23:25.640000Z,53.4905,-163.5261,21.99,5.1
2021-09-03T20:38:35.951000Z,54.9815,-157.7707,45.0,4.0
2021-09-03T03:55:45.623000Z,53.5404,-163.6037,13.94,4.5
2021-09-02T08:08:36.166000Z,54.5158,-159.6383,25.82,4.4
2021-08-31T02:17:11.737000Z,52.8571,-175.5312,254.52,4.3
2021-08-29T08:30:16.924000Z,52.8324,-168.2726,52.59,4.0
2021-08-25T01:31:26.833000Z,55.4704,-158.4823,6.8,4.5
2021-08-24T19:49:35.540000Z,52.6095,-168.3329,49.49,4.2
2021-08-22T11:45:03.688000Z,51.4059,-178.3268,51.87,4.8
2021-08-20T12:20:19.842000Z,51.9718,-173.2659,80.32,4.2
2021-08-19T02:22:28.537000Z,56.6371,-157.2394,11.4,4.3
2021-08-17T17:11:12.232000Z,52.9528,-167.8046,43.13,4.6
2021-08-17T17:10:50.089000Z,52.8431,-167.5797,35.0,4.0
2021-08-16T16:24:04.877000Z,55.2772,-157.4334,33.2,4.2
2021-08-14T13:06:38.800000Z,54.9597,-157.5461,14.7,4.2
2021-08-14T11:57:43.430000Z,55.1733,-157.6531,20.68,6.9
2021-08-12T09:54:36.295000Z,55.241,-157.3344,37.7,4.0
2021-08-12T06:13:59.136000Z,61.8704,-150.5529,59.7,4.2
2021-08-11T08:15:15.775000Z,54.6894,-156.8178,29.5,4.1
2021-08-11T05:51:02.183000Z,54.6624,-156.8286,27.4,4.1
2021-08-11T05:46:13.051000Z,54.6849,-156.8422,31.8,4.0
2021-08-11T05:43:37.184000Z,54.644,-156.8053,20.6,4.1
2021-08-09T05:32:51.309000Z,61.8601,-150.5553,60.4,4.1
2021-08-08T20:41:41.008000Z,55.458,-156.3097,28.8,4.0
2021-08-06T03:36:12.293000Z,60.2238,-153.5501,184.4,4.2
2021-08-05T18:00:17.038000Z,55.0917,-157.032,22.2,4.3
2021-08-03T09:18:39.217000Z,59.8644,-152.4597,81.4,4.1
2021-08-02T21:13:11.587000Z,57.9954,-151.6954,14.1,4.0
2021-08-01T15:27:40.298000Z,55.3312,-158.4714,3.0,4.4
2021-08-01T13:42:47.008000Z,54.7692,-156.9421,39.5,4.0
2021-08-01T08:58:58.409000Z,55.1556,-155.0489,33.8,4.3
2021-07-31T18:04:17.083000Z,56.0791,-156.3328,39.1,4.3
2021-07-31T15:40:55.757000Z,55.7315,-156.0072,36.7,4.5
2021-07-31T15:28:25.789000Z,55.148,-157.1645,24.3,4.2
2021-07-31T03:25:20.765000Z,55.2446,-157.2797,24.0,4.3
2021-07-30T22:11:41.221000Z,55.6722,-154.4428,12.0,4.7
2021-07-30T21:44:24.772000Z,55.5122,-156.0915,34.4,4.3
2021-07-30T14:58:21.632000Z,55.2923,-157.1194,20.1,4.3
2021-07-30T13:28:18.059000Z,55.2348,-157.3517,27.0,4.3
2021-07-30T09:58:06.948000Z,55.1355,-157.5532,47.4,4.3
2021-07-30T09:57:38.183000Z,55.1016,-157.3213,27.2,4.0
2021-07-30T07:56:00.422000Z,54.0435,-157.4792,23.97,4.0
2021-07-30T07:49:13.445000Z,55.3384,-157.1631,27.1,4.1
2021-07-30T07:24:41.697000Z,55.2159,-156.5692,47.1,4.6
2021-07-30T05:40:55.618000Z,55.0768,-157.086,34.9,4.0
2021-07-30T05:32:12.846000Z,55.0173,-158.636,17.4,4.3
2021-07-30T03:52:15.526000Z,55.3344,-156.9608,43.4,5.5
2021-07-30T01:26:33.263000Z,55.3849,-155.6996,37.0,4.2
2021-07-29T23:38:15.866000Z,55.1231,-157.1068,20.9,4.5
2021-07-29T22:56:02.087000Z,55.3631,-156.4351,7.3,4.3
2021-07-29T22:18:27.919000Z,55.1357,-157.0696,10.0,4.7
2021-07-29T21:39:15.026000Z,55.1024,-157.0205,14.4,4.3
2021-07-29T21:17:39.812000Z,55.3891,-155.647,7.18,4.2
2021-07-29T21:07:54.187000Z,55.3809,-157.0867,2.8,4.2
2021-07-29T21:00:07.359000Z,54.9739,-158.0769,25.0,4.6
2021-07-29T20:32:43.013000Z,55.2152,-156.7591,20.8,5.4
2021-07-29T20:30:34.062000Z,55.3622,-156.8545,28.9,5.0
2021-07-29T19:11:31.151000Z,55.4197,-156.7173,39.7,4.5
2021-07-29T17:27:52.971000Z,55.5014,-156.6792,23.6,4.0
2021-07-29T17:27:13.452000Z,55.5626,-155.1574,15.26,4.2
2021-07-29T16:09:11.784000Z,55.1678,-156.9458,36.3,5.3
2021-07-29T16:08:02.359000Z,55.5285,-155.7524,37.2,4.5
2021-07-29T13:30:12.683000Z,55.5406,-155.6766,7.2,4.2
2021-07-29T13:17:50.035000Z,55.7155,-155.9787,28.3,4.8
2021-07-29T13:14:50.783000Z,54.8833,-157.628,25.0,4.1
2021-07-29T12:42:44.664000Z,55.3025,-157.1905,23.6,4.5
2021-07-29T12:32:06.737000Z,55.6052,-156.5761,25.0,4.2
2021-07-29T11:47:55.862000Z,55.2286,-157.4471,26.3,4.2
2021-07-29T11:08:48.112000Z,55.2578,-157.3993,25.0,4.6
2021-07-29T10:26:53.815000Z,54.6713,-156.903,23.7,4.5
2021-07-29T09:58:27.727000Z,55.0844,-155.5912,6.8,4.5
2021-07-29T09:55:19.656000Z,55.3696,-155.5474,10.0,4.8
2021-07-29T09:53:42.480000Z,55.2581,-156.9056,40.9,4.6
2021-07-29T09:52:14.752000Z,55.4021,-156.3095,17.3,4.3
2021-07-29T09:28:23.448000Z,55.2916,-157.4436,25.9,4.7
2021-07-29T08:55:24.549000Z,55.0362,-157.5101,24.0,4.3
2021-07-29T08:40:17.556000Z,55.1352,-157.2161,25.9,4.1
2021-07-29T08:32:49.436000Z,55.4513,-156.3801,5.6,4.1
2021-07-29T08:25:21.146000Z,55.4663,-156.0668,23.3,4.7
2021-07-29T08:15:48.111000Z,55.2945,-156.8049,28.1,4.5
2021-07-29T08:15:19.501000Z,55.3163,-156.8621,18.4,4.2
2021-07-29T08:09:55.043000Z,55.4268,-158.0686,47.9,4.7
2021-07-29T08:09:44.521000Z,55.1325,-157.0203,19.3,4.6
2021-07-29T08:08:57.397000Z,55.3426,-157.0473,26.5,4.1
2021-07-29T07:58:51.307000Z,55.296,-157.838,35.8,4.1
2021-07-29T07:51:41.507000Z,55.1452,-157.554,69.0,4.3
2021-07-29T07:50:00.160000Z,55.2428,-157.347,26.9,4.4
2021-07-29T07:33:58.259000Z,55.4177,-156.3598,20.1,4.1
2021-07-29T07:32:33.773000Z,54.9457,-157.3926,12.0,4.4
2021-07-29T07:31:14.570000Z,55.17,-156.7155,20.3,4.3
2021-07-29T07:22:11.963000Z,55.4249,-156.9882,34.0,4.4
2021-07-29T06:57:04.231000Z,55.1372,-156.9698,24.8,4.9
2021-07-29T06:47:25.520000Z,55.0371,-157.6473,26.4,4.8
2021-07-29T06:45:12.323000Z,55.002,-157.554,24.9,4.8
2021-07-29T06:44:01.945000Z,55.3139,-155.4004,10.0,4.7
2021-07-29T06:43:12.963000Z,55.465,-157.0275,24.2,4.3
2021-07-29T06:42:41.215000Z,55.8418,-155.3829,10.0,4.3
2021-07-29T06:39:15.596000Z,55.0539,-157.1399,33.65,4.8
2021-07-29T06:38:24.698000Z,55.2592,-156.9366,38.0,5.1
2021-07-29T06:37:05.330000Z,55.739,-156.8812,46.1,4.6
2021-07-29T06:36:04.702000Z,55.2148,-157.3565,25.0,4.5
2021-07-29T06:35:13.096000Z,55.5333,-157.85,7.3,4.2
2021-07-29T06:32:33.359000Z,55.2549,-156.7677,2.9,5.7
2021-07-29T06:31:35.058000Z,55.2749,-157.6289,6.6,4.6
2021-07-29T06:28:49.707000Z,55.1526,-157.6035,35.0,5.3
2021-07-29T06:28:22.835000Z,55.4498,-157.5893,8.9,5.2
2021-07-29T06:27:02.004000Z,55.234,-156.6913,19.5,5.2
2021-07-29T06:23:27.003000Z,55.3726,-157.205,0.8,5.9
2021-07-29T06:23:02.270000Z,55.8758,-156.9924,35.0,5.7
2021-07-29T06:19:27.972000Z,55.1016,-158.2373,18.4,5.5
2021-07-29T06:15:49.188000Z,55.3635,-157.8876,35.0,8.2
2021-07-28T15:33:07.293000Z,53.0667,-169.9191,107.93,4.2
2021-07-24T18:11:01.478000Z,51.1624,-176.5152,27.88,4.2
2021-07-24T13:30:06.986000Z,51.3278,-176.6199,45.24,4.0
2021-07-22T13:12:31.006000Z,53.4965,-162.7814,25.52,4.4
2021-07-21T11:03:43.408000Z,51.9445,-177.8431,8.41,4.3
2021-07-19T10:52:20.968000Z,60.2246,-151.8185,69.3,4.3
2021-07-15T13:37:34.551000Z,53.9477,-164.455,10.35,4.2
2021-07-13T02:11:47.132000Z,52.8874,-168.079,44.57,4.0
2021-07-11T20:37:16.965000Z,62.2328,-150.5027,6.5,4.0
2021-07-11T17:04:37.169000Z,51.7734,-175.9335,59.77,5.0
2021-07-09T19:14:58.324000Z,51.6484,-175.1902,45.31,4.3
2021-07-08T05:21:10.817000Z,57.835,-156.8643,165.3,4.2
2021-07-06T21:34:52.859000Z,54.5236,-159.72,28.66,4.0
2021-07-03T13:42:53.126000Z,53.1702,-166.868,44.96,4.7
2021-07-01T02:27:22.683000Z,60.5817,-151.7829,82.1,4.5
2021-06-30T21:50:07.429000Z,54.8469,-160.2183,43.55,4.0
2021-06-30T02:57:33.975000Z,51.9277,-172.4292,20.82,4.6
2021-06-29T08:45:36.459000Z,56.4038,-154.2822,20.1,4.3
2021-06-28T08:57:57.021000Z,51.9923,-173.2799,71.86,4.0
2021-06-28T01:17:16.870000Z,58.2137,-154.1771,70.5,4.2
2021-06-18T10:02:41.178000Z,53.3022,-160.326,10.0,5.3
2021-06-14T10:41:54.148000Z,53.4722,-159.6363,10.0,4.3
2021-06-12T20:48:04.669000Z,56.3559,-152.1771,13.8,4.2
2021-06-07T16:25:46.948000Z,52.4288,-178.9501,206.49,4.0
2021-06-06T21:34:00.862000Z,53.3944,-156.6916,10.0,4.3
2021-05-24T14:13:27.769000Z,50.9617,-176.5621,10.0,4.1
2021-05-23T05:39:43.549000Z,54.5255,-160.1749,33.74,4.1
2021-05-22T19:35:27.586000Z,54.4196,-159.6554,19.16,4.1
2021-05-22T18:29:38.886000Z,59.2821,-152.7834,70.4,4.1
2021-05-22T12:51:09.476000Z,51.5042,-173.3028,44.97,4.1
2021-05-22T09:04:41.268000Z,51.7068,-173.3891,29.29,5.0
2021-05-22T05:50:11.211000Z,51.5475,-173.2956,15.75,4.2
2021-05-20T03:05:07.568000Z,51.5248,-178.3096,35.0,4.2
2021-05-18T13:37:07.313000Z,60.33,-151.6295,61.1,4.0
2021-05-06T00:19:44.357000Z,54.2819,-161.3065,28.06,4.1
2021-05-04T16:47:43.693000Z,52.4256,-170.5709,51.97,4.5
2021-04-30T17:19:24.486000Z,64.8296,-152.396,19.4,4.3
2021-04-17T11:36:28.944000Z,54.2025,-159.6723,10.0,4.1
2021-04-11T07:10:49.173000Z,54.3619,-159.6284,24.08,4.4
2021-04-08T15:02:47.771000Z,52.885,-173.3962,220.89,4.2
2021-04-07T19:31:57.057000Z,52.5304,-169.1477,42.02,4.7
2021-04-07T05:19:43.889000Z,51.8834,-173.2034,189.16,4.2
2021-04-06T09:02:27.426000Z,51.5496,-176.2491,51.42,4.4
2021-03-28T07:52:01.322000Z,53.4329,-163.638,13.84,4.3
2021-03-26T14:41:19.943000Z,52.789,-169.9152,11.49,4.8
2021-03-22T17:41:47.330000Z,59.8435,-153.3672,130.2,4.2
2021-03-18T22:50:24.988000Z,55.002,-160.4221,47.13,4.3
2021-03-17T18:00:36.412000Z,51.8758,-174.359,65.39,4.5
2021-03-15T05:13:30.214000Z,51.89,-174.257,18.63,4.0
2021-03-10T23:37:46.453000Z,52.3434,-172.1987,79.88,4.2
2021-03-04T10:48:11.601000Z,58.7824,-152.5239,54.7,4.3
2021-03-04T00:38:09.282000Z,54.4513,-161.5233,42.39,4.1
2021-03-03T13:54:03.099000Z,54.633,-159.7076,31.04,4.4
2021-03-03T06:51:59.214000Z,51.9081,-174.9656,68.35,4.1
2021-03-03T05:35:25.980000Z,61.4532,-151.9291,99.0,4.5
2021-03-03T00:21:48.648000Z,50.9218,-179.2691,10.0,4.4
2021-03-02T10:02:50.366000Z,50.8692,-179.3205,10.0,4.4
2021-03-01T16:32:03.822000Z,51.8267,-174.6957,77.02,4.2
2021-02-28T10:44:50.545000Z,51.0954,-178.9525,22.0,5.4
2021-02-27T22:13:07.393000Z,54.9494,-159.4737,24.85,4.1
2021-02-23T22:33:40.672000Z,52.2569,-165.8236,10.0,4.0
2021-02-21T15:02:33.465000Z,50.8251,-179.3053,10.0,4.8
2021-02-20T04:14:12.479000Z,50.9731,-179.3672,38.74,4.1
2021-02-19T21:34:22.812000Z,50.7869,-179.3796,10.0,4.0
2021-02-19T09:19:09.409000Z,51.2351,-179.1523,47.19,4.3
2021-02-19T09:11:24.446000Z,51.0947,-179.3049,37.21,5.2
2021-02-18T13:36:12.575000Z,59.9391,-153.1636,139.0,4.2
2021-02-14T19:13:19.052000Z,51.4587,-179.1511,21.7,5.2
2021-02-13T13:08:55.027000Z,57.1463,-155.0386,49.7,5.3
2021-02-11T20:08:53.307000Z,58.5892,-153.4888,72.9,4.1
2021-02-06T18:39:50.270000Z,54.7143,-161.2781,49.96,4.2
2021-01-29T01:48:51.125000Z,52.3807,-170.3264,43.66,4.2
2021-01-27T19:29:53.166000Z,53.288,-166.8635,58.77,4.0
2021-01-26T22:23:25.261000Z,59.1741,-151.6628,44.6,4.3
2021-01-24T21:16:21.925000Z,54.3994,-162.1148,35.0,5.1
2021-01-20T02:06:51.080000Z,54.8818,-160.3505,42.53,4.2
2021-01-16T03:37:43.075000Z,52.7128,-174.6689,214.85,4.4
2021-01-16T03:37:42.357000Z,52.4452,-174.6989,227.4,4.2
2021-01-15T15:50:27.799000Z,51.5358,-174.1596,39.06,4.2
2021-01-15T01:00:10.153000Z,51.7441,-167.9254,10.0,4.2
2021-01-14T05:13:50.039000Z,51.4346,-173.9312,33.5,4.2
2021-01-14T05:13:47.592000Z,51.3828,-174.0614,19.27,4.9
2021-01-14T04:30:16.223000Z,52.1215,-174.935,89.85,4.0
2021-01-12T15:48:34.629000Z,54.3922,-159.689,28.43,4.2
2021-01-11T21:17:07.715000Z,55.2222,-157.8975,29.4,4.8
2021-01-11T21:17:07.711000Z,55.2222,-157.8979,29.6,4.2
2021-01-11T10:44:56.918000Z,53.7619,-164.0279,32.49,4.1
2021-01-11T10:44:56.477000Z,53.7813,-164.0364,26.4,4.1
2021-01-11T07:19:05.061000Z,53.721,-163.9963,36.0,5.1
2021-01-11T07:19:04.597000Z,53.7507,-164.0672,37.5,4.9
2021-01-09T05:22:32.502000Z,52.9302,-168.3163,47.29,4.3
2021-01-08T20:29:15.357000Z,63.23,-150.5753,126.7,4.5
2021-01-08T16:24:40.731000Z,51.9401,-170.8822,18.17,4.5
2021-01-08T01:59:22.860000Z,54.71,-159.7802,31.92,4.4
2021-01-07T19:34:19.844000Z,54.3778,-159.6406,25.7,4.0
2021-01-06T18:29:56.675000Z,51.2221,-179.1775,32.58,4.5
2021-01-06T05:41:54.860000Z,63.3907,-150.7463,153.2,4.4
2021-01-03T22:51:26.265000Z,51.1951,-179.7852,35.0,4.0
2021-01-03T13:20:04.331000Z,51.2431,-179.8978,30.88,4.0
2021-01-03T12:38:48.930000Z,51.2327,-179.8028,21.0,6.1
2021-01-03T08:45:03.419000Z,57.6374,-153.9182,59.6,4.9
2021-01-01T11:55:47.226000Z,51.4473,-179.5022,35.0,4.1
2020-12-30T14:04:00.862000Z,54.6708,-159.7624,29.46,4.2
2020-12-30T03:22:18.334000Z,54.666,-159.6861,27.34,4.5
2020-12-30T03:17:52.301000Z,50.1709,-176.82,10.0,4.0
2020-12-28T18:15:50.954000Z,52.7556,-168.3297,39.23,4.2
2020-12-28T03:10:02.753000Z,53.4984,-163.465,35.0,4.0
2020-12-23T15:47:48.470000Z,53.29,-150.6099,10.0,4.7
2020-12-23T09:03:33.610000Z,54.2491,-159.7744,24.8,4.4
2020-12-21T11:57:48.568000Z,54.8375,-160.2733,49.61,4.7
2020-12-20T22:59:14.422000Z,51.8731,-170.4074,40.89,4.0
2020-12-19T15:19:53.934000Z,52.7799,-168.3109,45.18,4.3
2020-12-19T00:10:42.432000Z,54.6984,-159.8277,32.4,4.9
2020-12-17T16:32:12.550000Z,52.0067,-174.8164,80.56,4.6
2020-12-16T19:13:19.636000Z,51.2941,-178.1312,45.4,5.0
2020-12-16T05:49:24.660000Z,53.6193,-160.1604,10.0,5.3
2020-12-15T11:36:39.258000Z,62.8465,-150.494,95.2,4.3
2020-12-14T19:08:19.340000Z,61.9319,-152.264,119.4,4.3
2020-12-14T09:01:50.760000Z,53.0705,-170.7071,228.72,4.1
2020-12-13T19:06:26.220000Z,52.7548,-174.1095,182.03,4.5
2020-12-13T06:34:32.596000Z,52.7986,-168.2264,36.31,4.2
2020-12-11T17:23:12.372000Z,54.7393,-159.665,29.13,4.4
2020-12-11T10:25:30.320000Z,52.9289,-168.3769,42.85,4.0
2020-12-10T22:35:55.524000Z,61.984,-151.8853,97.9,4.0
2020-12-10T17:42:39.697000Z,54.5256,-159.798,24.55,4.1
2020-12-10T12:51:34.436000Z,51.0002,-179.3629,10.0,4.5
2020-12-10T03:03:15.974000Z,55.7594,-161.9575,151.48,4.0
2020-12-10T01:37:26.476000Z,54.5394,-159.6668,23.44,4.7
2020-12-07T09:33:11.592000Z,52.0574,-171.0083,41.2,4.2
2020-12-06T23:59:12.525000Z,54.3729,-159.696,21.75,4.0
2020-12-05T17:55:22.547000Z,54.6123,-159.6602,31.22,4.3
2020-12-04T20:45:20.239000Z,60.8934,-150.2713,48.3,4.1
2020-12-03T01:08:43.169000Z,54.3444,-159.7397,25.03,4.7
2020-12-01T23:35:22.958000Z,52.7549,-168.345,39.35,4.4
2020-12-01T21:25:15.719000Z,52.7519,-168.328,39.09,4.5
2020-12-01T16:35:48.199000Z,53.6935,-150.59,10.0,5.7
2020-12-01T16:22:39.908000Z,52.7516,-168.2307,23.0,6.4
2020-11-30T17:00:07.029000Z,52.9022,-168.3089,48.03,4.7
2020-11-30T04:59:09.921000Z,52.74,-168.2654,34.0,5.5
2020-11-29T15:57:37.682000Z,51.0846,-178.9927,25.36,4.9
2020-11-28T23:51:09.957000Z,59.1514,-153.6119,97.9,4.1
2020-11-28T17:07:57.766000Z,52.1075,-169.4933,37.44,4.1
2020-11-26T22:00:24.066000Z,51.5671,-176.4429,49.46,4.0
2020-11-26T21:12:10.840000Z,62.0104,-150.0136,42.1,4.6
2020-11-23T22:14:29.885000Z,53.4476,-165.799,35.0,4.0
2020-11-22T11:10:00.031000Z,53.6466,-159.4487,9.07,4.5
2020-11-17T07:46:57.409000Z,52.6059,-167.2108,42.7,4.3
2020-11-16T16:43:06.787000Z,53.3108,-167.3657,35.92,4.1
2020-11-15T21:14:21.121000Z,54.5297,-159.7298,35.0,4.2
2020-11-13T05:30:07.129000Z,54.1693,-159.7506,19.48,4.2
2020-11-10T19:45:09.539000Z,52.2655,-172.3346,139.9,4.1
2020-11-10T19:45:09.226000Z,52.6333,-172.4232,137.96,4.3
2020-11-09T08:54:18.817000Z,54.3928,-159.7378,23.18,4.1
2020-11-07T12:15:39.134000Z,51.1264,-179.0428,22.7,4.5
2020-11-07T12:15:38.549000Z,51.1265,-179.086,27.9,4.5
2020-11-06T09:05:27.401000Z,54.0373,-159.6568,23.16,4.5
2020-11-05T16:17:44.603000Z,54.4689,-165.315,120.09,4.1
2020-11-05T12:56:31.475000Z,54.1296,-159.7759,15.74,5.1
2020-11-04T12:23:47.359000Z,53.6766,-164.952,54.15,5.0
2020-11-04T09:35:45.897000Z,51.5152,-176.9159,33.83,4.4
2020-11-04T03:27:23.387000Z,52.5811,-162.5825,11.7,4.9
2020-11-03T08:08:01.186000Z,55.0188,-157.9647,30.8,4.3
2020-11-02T14:38:16.014000Z,53.5147,-160.2765,10.0,4.3
2020-11-02T03:56:11.684000Z,54.9845,-160.2919,40.55,4.3
2020-11-01T22:41:45.377000Z,55.4739,-158.2287,12.0,4.2
2020-11-01T22:39:27.566000Z,54.5531,-159.7133,35.0,4.3
2020-11-01T04:34:53.398000Z,54.3839,-159.6878,23.03,4.2
2020-10-31T09:10:49.875000Z,54.5305,-159.6409,35.0,4.0
2020-10-31T05:36:09.614000Z,54.4997,-159.3065,35.51,4.7
2020-10-31T04:46:51.158000Z,54.4305,-159.8564,20.02,4.0
2020-10-31T01:10:08.763000Z,54.4122,-159.6834,20.03,4.1
2020-10-30T16:29:07.498000Z,50.9491,-179.866,25.78,4.3
2020-10-30T13:11:52.664000Z,54.4048,-159.7133,19.88,4.3
2020-10-30T04:36:28.560000Z,54.5048,-159.6814,24.36,5.1
2020-10-29T16:32:28.182000Z,54.3624,-159.6192,28.48,4.0
2020-10-28T04:14:31.656000Z,53.4313,-173.291,306.81,4.6
2020-10-28T04:13:42.048000Z,53.1946,-173.4129,239.3,5.5
2020-10-27T17:30:51.705000Z,54.1816,-159.7129,23.76,4.2
2020-10-27T14:06:09.132000Z,54.0459,-159.6859,13.63,4.5
2020-10-27T13:23:07.868000Z,54.0958,-159.6869,20.2,4.4
2020-10-27T04:41:35.633000Z,51.4356,-178.7828,35.0,4.3
2020-10-26T14:13:01.454000Z,54.0746,-159.6509,15.54,4.3
2020-10-26T09:25:11.828000Z,54.9747,-160.4247,48.69,4.6
2020-10-26T07:40:17.236000Z,54.4691,-159.8437,21.02,4.6
2020-10-26T01:28:05.236000Z,53.6535,-159.7968,27.5,4.2
2020-10-25T16:53:44.154000Z,54.4179,-159.7429,26.5,4.4
2020-10-24T22:52:34.593000Z,54.4073,-159.5308,32.41,4.1
2020-10-24T22:23:01.360000Z,54.5782,-159.6078,39.2,4.6
2020-10-24T13:02:13.333000Z,54.2471,-159.6251,28.99,4.1
2020-10-24T12:35:18.269000Z,54.5293,-159.5864,26.02,4.1
2020-10-24T06:50:07.139000Z,54.216,-159.6833,24.89,4.1
2020-10-24T04:01:05.261000Z,52.3343,-178.9847,204.53,4.2
2020-10-23T10:58:13.386000Z,54.5281,-159.5742,26.24,4.6
2020-10-23T07:21:20.886000Z,54.2142,-159.5485,18.0,4.3
2020-10-23T03:16:03.607000Z,52.7576,-168.3476,35.0,4.0
2020-10-21T23:22:21.885000Z,54.4253,-159.7605,22.36,4.0
2020-10-21T18:59:48.393000Z,54.4373,-159.6234,10.0,4.5
2020-10-21T14:16:42.325000Z,54.5881,-159.6883,27.6,4.2
2020-10-21T12:32:41.987000Z,54.4774,-159.6768,33.57,4.5
2020-10-21T11:56:41.093000Z,54.3551,-159.6254,24.63,4.7
2020-10-21T11:34:52.423000Z,54.1023,-159.7126,25.8,4.3
2020-10-21T08:33:29.310000Z,51.0855,-176.9883,35.69,4.0
2020-10-21T06:37:35.400000Z,54.277,-159.6023,15.04,4.9
2020-10-21T03:35:24.643000Z,52.9532,-164.5895,38.35,4.8
2020-10-21T01:17:53.037000Z,54.2699,-159.618,15.58,5.1
2020-10-21T00:35:06.711000Z,54.4424,-159.7236,20.07,4.3
2020-10-20T23:57:57.356000Z,54.6267,-159.7035,28.98,4.0
2020-10-20T22:42:37.628000Z,54.6025,-159.8136,29.81,4.2
2020-10-20T21:38:51.378000Z,54.5858,-159.7993,28.39,4.7
2020-10-20T19:43:24.142000Z,54.0997,-159.5159,15.16,4.1
2020-10-20T14:29:03.673000Z,54.4441,-159.4137,22.18,4.3
2020-10-20T12:38:47.435000Z,54.2966,-159.6064,21.21,4.3
2020-10-20T12:35:32.576000Z,54.3762,-159.6346,34.98,4.1
2020-10-20T12:32:12.149000Z,54.3624,-159.7745,22.0,5.1
2020-10-20T11:58:19.396000Z,54.2504,-159.675,23.26,4.0
2020-10-20T10:08:09.202000Z,54.4385,-159.2861,26.36,4.0
2020-10-20T08:37:13.697000Z,54.6253,-159.7075,28.23,5.0
2020-10-20T08:18:41.729000Z,54.502,-159.7452,27.82,4.9
2020-10-20T08:16:34.077000Z,54.4184,-159.6983,10.0,4.3
2020-10-20T07:36:59.537000Z,54.2685,-159.7791,18.94,4.5
2020-10-20T06:44:42.892000Z,54.292,-159.7378,25.33,4.1
2020-10-20T05:39:20.609000Z,54.2063,-159.6829,20.13,4.3
2020-10-20T04:58:22.785000Z,54.1947,-159.6032,22.01,4.2
2020-10-20T04:57:18.391000Z,54.2262,-159.6269,17.73,4.3
2020-10-20T04:42:19.554000Z,54.3507,-159.7098,28.58,4.1
2020-10-20T04:25:18.156000Z,54.2401,-159.7298,15.53,4.4
2020-10-20T04:07:05.965000Z,54.2607,-159.6234,8.52,5.6
2020-10-20T04:06:47.340000Z,54.0607,-159.4983,22.37,4.2
2020-10-20T03:09:11.713000Z,54.5343,-159.6125,17.98,4.2
2020-10-20T02:57:50.466000Z,54.6299,-159.8258,24.24,4.1
2020-10-20T02:52:24.261000Z,54.2558,-159.6335,18.0,4.5
2020-10-20T02:47:45.282000Z,54.4214,-159.7127,22.89,4.6
2020-10-20T01:36:36.195000Z,54.2602,-159.5634,20.3,4.2
2020-10-20T01:33:37.327000Z,54.3217,-159.8023,18.81,4.3
2020-10-20T01:21:29.311000Z,54.2898,-159.5643,13.91,4.1
2020-10-20T01:09:37.002000Z,54.2395,-159.5607,24.61,4.0
2020-10-20T00:56:36.649000Z,54.3635,-159.5724,20.69,4.5
2020-10-20T00:44:19.751000Z,54.3038,-159.5613,28.64,4.0
2020-10-20T00:40:10.164000Z,54.3621,-159.7249,10.0,4.8
2020-10-20T00:34:11.552000Z,54.1987,-159.5907,14.96,4.3
2020-10-20T00:31:27.607000Z,54.4452,-159.6446,31.05,4.1
2020-10-20T00:26:04.134000Z,54.444,-159.6259,26.93,4.0
2020-10-20T00:23:17.009000Z,54.5117,-159.76,20.7,4.3
2020-10-20T00:08:03.494000Z,54.3006,-159.6503,20.55,4.0
2020-10-20T00:00:35.672000Z,54.4204,-159.6553,20.0,4.9
2020-10-19T23:42:16.351000Z,54.548,-159.8387,33.27,4.9
2020-10-19T23:40:59.501000Z,54.3508,-159.6674,10.0,4.5
2020-10-19T23:17:06.056000Z,54.1761,-159.8132,10.66,4.6
2020-10-19T23:04:20.586000Z,54.4403,-159.71,10.0,4.1
2020-10-19T22:51:02.837000Z,54.2465,-159.6819,15.34,4.0
2020-10-19T22:28:02.921000Z,54.251,-159.7633,18.59,4.5
2020-10-19T22:20:11.488000Z,54.509,-159.6659,27.04,4.6
2020-10-19T22:17:46.576000Z,54.4064,-159.7177,19.39,4.2
2020-10-19T22:11:11.063000Z,54.5994,-159.6942,30.14,4.0
2020-10-19T22:05:16.548000Z,54.3377,-159.6771,21.09,4.4
2020-10-19T22:00:57.051000Z,54.1794,-159.7696,17.18,4.1
2020-10-19T21:54:19.536000Z,54.3873,-159.567,20.88,4.5
2020-10-19T21:51:35.391000Z,54.4506,-159.7382,28.29,4.6
2020-10-19T21:45:25.327000Z,54.3371,-159.8425,20.77,5.9
2020-10-19T21:43:33.849000Z,54.3933,-159.6914,21.41,4.5
2020-10-19T21:39:13.815000Z,54.2116,-159.6156,13.21,4.4
2020-10-19T21:34:38.252000Z,54.4563,-159.6198,27.07,4.6
2020-10-19T21:32:21.891000Z,54.3886,-159.8241,26.62,5.5
2020-10-19T21:31:02.938000Z,58.4303,-151.0088,14.9,4.8
2020-10-19T21:30:43.024000Z,54.6181,-159.6447,30.9,4.7
2020-10-19T21:29:32.922000Z,54.0445,-159.6311,10.0,4.2
2020-10-19T21:27:04.878000Z,54.3675,-159.625,27.41,4.1
2020-10-19T21:22:28.672000Z,54.3536,-159.8541,22.6,5.2
2020-10-19T21:21:15.693000Z,54.2579,-159.8297,18.66,4.3
2020-10-19T21:17:21.378000Z,54.609,-159.6383,36.47,4.6
2020-10-19T21:14:14.693000Z,54.3415,-159.5688,16.83,5.0
2020-10-19T21:06:20.397000Z,54.5073,-159.729,26.24,5.7
2020-10-19T21:05:57.335000Z,54.4386,-159.6143,22.74,5.7
2020-10-19T21:04:52.003000Z,54.5635,-159.7277,20.76,4.4
2020-10-19T20:54:39.436000Z,54.6093,-159.6519,31.08,7.6
2020-10-17T09:17:58.214000Z,56.1725,-154.5165,42.9,4.1
2020-10-11T21:55:35.584000Z,61.6878,-150.5259,59.4,4.0
2020-10-10T11:22:10.572000Z,58.5157,-150.7842,45.5,4.7
2020-10-10T06:41:26.665000Z,51.9021,-169.5992,10.0,4.9
2020-10-09T19:24:17.594000Z,51.3612,-176.0935,28.34,4.0
2020-10-08T14:22:39.520000Z,52.7184,-168.2558,36.99,5.7
2020-10-07T08:59:30.328000Z,61.6428,-151.0626,68.8,4.1
2020-10-07T01:34:15.154000Z,51.3,-178.3639,46.67,4.8
2020-10-06T05:54:50.520000Z,54.8444,-159.8598,30.42,5.6
2020-10-06T04:19:06.845000Z,50.6765,-173.1893,21.48,4.1
2020-10-04T23:19:02.780000Z,54.2903,-161.3168,10.0,4.1
2020-10-04T10:40:00.308000Z,56.3352,-157.8586,63.2,4.0
2020-10-04T07:11:44.748000Z,51.2413,-179.2378,40.2,4.8
2020-10-02T01:07:43.527000Z,51.5022,-174.872,35.0,4.0
2020-10-01T10:25:08.677000Z,51.7326,-174.9395,45.64,5.3
2020-09-29T01:15:14.994000Z,51.9716,-169.5721,10.0,4.3
2020-09-28T06:32:14.900000Z,55.48,-158.2789,11.1,4.3
2020-09-28T02:44:19.327000Z,51.9812,-169.6468,10.0,5.2
2020-09-27T10:51:10.501000Z,51.9428,-169.675,22.61,4.2
2020-09-27T08:17:51.004000Z,52.0874,-169.7936,37.25,4.1
2020-09-27T04:12:17.738000Z,51.8902,-169.6829,17.0,5.6
2020-09-27T04:08:18.977000Z,54.5498,-160.9254,10.0,4.0
2020-09-25T05:57:56.745000Z,55.0354,-157.7635,27.1,4.9
2020-09-24T15:09:22.679000Z,54.6695,-159.2505,26.08,4.2
2020-09-21T18:55:31.304000Z,57.8043,-153.6253,51.9,4.1
2020-09-20T02:07:42.382000Z,53.3971,-163.5888,10.0,4.0
2020-09-17T07:51:40.613000Z,54.8099,-160.7325,35.0,4.3
2020-09-16T14:57:24.708000Z,51.4565,-176.3501,35.0,4.0
2020-09-11T13:58:32.635000Z,61.63,-152.1786,121.7,4.3
2020-09-06T18:39:10.774000Z,51.0012,-179.7219,39.81,4.1
2020-09-06T18:19:25.807000Z,51.0359,-179.7912,46.17,4.3
2020-09-06T17:30:52.773000Z,51.3383,-178.936,49.72,4.3
2020-09-05T08:20:29.630000Z,56.7976,-156.921,69.2,4.1
2020-09-05T05:14:53.265000Z,51.7825,-178.4523,17.71,4.3
2020-09-03T23:35:56.659000Z,51.2617,-178.3395,35.0,4.4
2020-09-02T03:00:22.502000Z,51.2854,-179.8911,19.1,4.0
2020-09-01T01:47:23.842000Z,61.9289,-151.9555,112.8,4.3
2020-09-01T01:25:27.474000Z,54.0672,-164.202,22.19,4.2
2020-08-30T11:20:04.403000Z,51.5046,-178.3711,33.9,4.3
2020-08-25T03:07:35.935000Z,52.2934,-175.8091,151.83,4.0
2020-08-23T22:40:41.345000Z,53.5613,-163.7578,35.0,4.1
2020-08-23T02:01:06.821000Z,54.9922,-157.9713,31.5,4.5
2020-08-23T01:48:59.756000Z,52.0311,-169.5279,29.04,4.9
2020-08-23T01:48:59.656000Z,52.0686,-169.5002,41.6,4.4
2020-08-21T19:10:19.680000Z,55.4492,-158.2689,10.8,4.4
2020-08-20T16:35:10.013000Z,54.1728,-162.7435,46.38,5.0
2020-08-19T19:45:58.777000Z,54.9313,-160.3185,39.45,5.1
2020-08-19T19:45:58.767000Z,54.8846,-160.3189,36.4,5.1
2020-08-18T18:28:33.740000Z,55.02,-157.9389,14.3,5.0
2020-08-16T20:05:49.544000Z,51.1433,-171.0499,15.0,5.8
2020-08-14T23:29:08.521000Z,54.8495,-157.4303,11.9,4.5
2020-08-13T06:39:58.034000Z,53.42,-163.6973,10.43,5.7
2020-08-10T16:37:02.089000Z,60.4014,-151.6348,63.1,4.3
2020-08-10T12:54:39.002000Z,55.0813,-157.9407,35.4,4.1
2020-08-09T14:57:57.510000Z,55.0849,-158.2212,48.4,5.7
2020-08-09T14:57:54.236000Z,55.0455,-157.9255,23.2,5.1
2020-08-09T01:51:42.090000Z,54.7083,-161.1204,44.11,4.2
2020-08-08T22:54:20.647000Z,59.7705,-153.5246,142.1,4.0
2020-08-08T14:42:53.352000Z,54.7101,-161.1003,32.81,5.5
2020-08-08T12:52:57.860000Z,54.7713,-158.1884,27.5,5.3
2020-08-05T20:37:05.969000Z,54.8403,-160.2626,39.76,4.0
2020-08-05T16:17:41.295000Z,54.5799,-161.0631,10.0,5.2
2020-08-04T12:47:19.207000Z,54.7367,-161.162,42.75,5.2
2020-08-04T08:52:11.676000Z,64.1225,-151.5358,13.5,4.3
2020-08-02T14:39:24.601000Z,54.5869,-160.9357,33.0,4.8
2020-08-01T07:00:12.737000Z,54.7572,-160.3616,38.34,4.7
2020-08-01T02:39:40.706000Z,54.9157,-159.8426,43.82,4.0
2020-07-31T21:19:48.383000Z,54.3742,-161.0262,25.52,4.0
2020-07-31T19:51:39.699000Z,51.3657,-168.5963,10.0,4.3
2020-07-31T18:43:52.668000Z,51.3237,-168.6001,10.0,4.0
2020-07-30T16:08:18.839000Z,54.8358,-158.1711,33.9,4.8
2020-07-29T13:09:10.190000Z,54.7508,-161.0895,37.12,4.7
2020-07-29T09:12:16.453000Z,54.9488,-160.307,41.96,5.6
2020-07-29T01:03:23.214000Z,54.7333,-161.095,45.32,4.0
2020-07-28T12:54:34.237000Z,54.8272,-160.2747,40.18,4.0
2020-07-28T12:42:51.708000Z,54.9003,-160.3122,41.61,5.0
2020-07-28T08:03:44.140000Z,54.8674,-161.1436,41.26,6.1
2020-07-27T19:34:37.971000Z,54.9148,-160.2849,38.51,5.5
2020-07-26T21:35:53.351000Z,54.7559,-160.0745,34.68,4.7
2020-07-26T10:02:07.084000Z,55.0088,-158.3628,34.77,4.0
2020-07-26T10:00:27.224000Z,55.0514,-158.7229,32.6,4.3
2020-07-26T08:29:22.057000Z,54.9008,-160.2463,38.1,4.3
2020-07-24T13:24:39.329000Z,54.9333,-160.739,43.02,5.0
2020-07-24T11:41:37.629000Z,54.6213,-160.6482,35.0,4.4
2020-07-24T07:17:31.695000Z,55.1938,-159.2225,42.03,4.4
2020-07-24T05:53:57.200000Z,55.1344,-158.342,24.8,4.3
2020-07-24T03:07:08.676000Z,54.818,-160.6718,43.16,5.0
2020-07-23T22:08:40.029000Z,52.3216,-178.1185,234.85,4.3
2020-07-23T19:56:50.072000Z,54.8493,-160.6606,40.04,4.6
2020-07-23T18:50:29.536000Z,55.1285,-159.5994,43.64,4.1
2020-07-23T11:08:38.229000Z,55.2309,-159.6341,39.54,4.9
2020-07-23T10:40:52.411000Z,54.7523,-159.8247,19.77,4.2
2020-07-23T07:38:44.308000Z,54.8335,-160.3174,33.54,4.0
2020-07-22T23:06:36.904000Z,51.3482,-178.9417,44.99,4.9
2020-07-22T21:39:58.554000Z,55.2507,-159.3189,35.63,5.5
2020-07-22T19:37:18.701000Z,55.1082,-158.5905,10.0,4.0
2020-07-22T13:33:38.478000Z,54.9331,-158.3389,13.2,4.3
2020-07-22T13:22:23.955000Z,54.6752,-160.2341,22.28,4.3
2020-07-22T12:33:37.599000Z,54.8468,-158.3859,21.0,4.4
2020-07-22T11:02:12.746000Z,54.8436,-160.6789,42.63,4.9
2020-07-22T10:18:22.476000Z,54.8136,-158.2757,17.6,4.5
2020-07-22T10:08:38.832000Z,55.0659,-158.6912,34.8,4.5
2020-07-22T08:13:29.497000Z,55.2233,-159.3719,36.71,5.8
2020-07-22T08:04:38.115000Z,55.1423,-159.2602,32.82,4.0
2020-07-22T07:42:13.475000Z,54.839,-160.2298,27.28,4.0
2020-07-22T07:17:32.259000Z,55.1417,-158.3751,11.7,4.0
2020-07-22T06:58:54.736000Z,53.9959,-161.2511,10.0,4.3
2020-07-22T06:53:53.611000Z,55.105,-158.3232,29.0,4.4
2020-07-22T06:33:50.692000Z,55.0424,-158.6763,10.0,4.6
2020-07-22T06:30:11.997000Z,55.1718,-158.3633,15.0,4.0
2020-07-22T06:30:03.555000Z,55.8476,-159.4431,4.7,4.0
2020-07-22T06:29:47.245000Z,54.9349,-158.2509,40.3,4.0
2020-07-22T06:26:05.984000Z,54.4644,-158.8756,24.41,4.0
2020-07-22T06:22:15.902000Z,54.8759,-158.3143,25.9,4.5
2020-07-22T06:20:07.999000Z,54.7132,-158.9076,26.21,5.2
2020-07-22T06:16:18.657000Z,54.9322,-159.0423,17.67,6.1
2020-07-22T06:12:44.593000Z,55.0298,-158.5217,28.0,7.8
2020-07-19T00:35:21.351000Z,62.2897,-155.872,4.7,4.5
2020-07-18T02:27:03.333000Z,53.2142,-166.7376,55.75,4.3
2020-07-15T08:59:55.004000Z,52.0375,-177.3907,8.5,5.3
2020-07-12T04:20:23.080000Z,52.0826,-169.471,21.14,4.6
2020-07-08T01:07:02.618000Z,56.0188,-153.6197,3.3,5.1
2020-07-06T15:35:21.500000Z,53.4547,-160.5291,10.0,4.1
2020-07-05T08:53:35.087000Z,53.3659,-160.4307,10.0,5.5
2020-07-02T22:24:59.319000Z,53.7506,-161.1839,10.0,4.6
2020-06-25T09:24:26.307000Z,52.0755,-171.6027,63.07,4.5
2020-06-24T09:41:09.463000Z,52.0434,-174.0709,59.25,4.1
2020-06-19T03:08:33.403000Z,51.2383,-179.0788,41.08,5.2
2020-06-19T02:59:28.390000Z,51.1595,-179.0476,33.51,5.1
2020-06-19T02:29:34.870000Z,52.7006,-166.927,35.0,4.1
2020-06-16T21:59:07.511000Z,53.2567,-164.2428,10.0,4.0
2020-06-16T00:34:15.883000Z,53.917,-166.6692,11.36,4.1
2020-06-15T21:16:49.219000Z,53.9186,-166.8977,11.41,4.19
2020-06-13T19:02:08.788000Z,52.0166,-166.0238,10.0,4.8
2020-06-13T11:43:34.066000Z,51.2356,-178.3876,44.64,5.0
2020-06-12T04:48:49.070000Z,57.3254,-155.2038,49.1,4.4
2020-06-10T14:17:11.828000Z,51.6106,-175.3128,34.26,4.0
2020-06-09T10:45:06.907000Z,54.2147,-161.2227,32.98,4.2
2020-06-08T18:57:05.947000Z,56.0446,-153.7615,29.9,4.0
2020-06-05T13:47:44.978000Z,56.0295,-153.7995,25.0,4.8
2020-06-05T05:06:34.518000Z,53.8457,-164.1897,41.33,4.0
2020-05-30T04:09:06.455000Z,56.6661,-156.0925,53.6,4.1
2020-05-26T15:23:15.785000Z,63.0154,-150.7273,127.0,4.1
2020-05-23T08:52:05.144000Z,56.1084,-154.4359,9.3,4.4
2020-05-22T02:01:56.287000Z,54.6935,-161.4637,45.43,4.0
2020-05-20T23:02:58.133000Z,59.6432,-152.0766,78.7,4.0
2020-05-20T17:18:26.292000Z,54.6981,-156.8576,10.0,4.1
2020-05-20T17:13:22.504000Z,54.6173,-156.7715,8.5,4.7
2020-05-18T06:37:30.497000Z,51.4747,-173.502,28.33,4.5
2020-05-18T05:18:20.955000Z,56.2854,-159.0343,9.5,4.5
2020-05-17T19:09:34.572000Z,51.543,-175.2182,39.6,4.0
2020-05-17T05:26:29.801000Z,52.1016,-169.3508,10.0,4.8
2020-05-17T04:18:49.567000Z,57.1882,-155.0427,42.3,4.2
2020-05-16T19:23:33.655000Z,52.2036,-169.5036,10.0,4.5
2020-05-16T19:22:30.863000Z,51.9844,-169.3166,10.0,4.4
2020-05-16T16:06:53.917000Z,52.2566,-169.4484,46.79,4.4
2020-05-16T10:06:07.889000Z,52.0945,-169.3648,10.0,4.4
2020-05-15T06:51:24.791000Z,50.6415,-175.8798,20.61,4.5
2020-05-11T22:53:27.403000Z,51.7383,-179.6929,95.63,4.2
2020-05-11T05:54:01.528000Z,50.8215,-176.307,10.0,4.2
2020-05-09T14:02:04.130000Z,54.4039,-163.477,75.73,4.9
2020-04-27T04:13:26.174000Z,52.7406,-176.0667,223.58,4.8
2020-04-26T23:43:29.166000Z,53.2113,-167.6696,53.62,4.2
2020-04-26T04:20:27.606000Z,53.2068,-164.6024,35.0,4.1
2020-04-22T15:34:17.382000Z,55.9884,-153.3601,7.2,4.3
2020-04-20T23:16:20.514000Z,52.8355,-169.5242,29.7,4.7
2020-04-18T04:09:49.563000Z,56.0074,-153.403,6.2,4.4
2020-04-17T00:22:45.357000Z,55.9717,-153.3077,7.3,5.4
2020-04-09T07:43:25.237000Z,51.9796,-171.1627,53.71,4.1
2020-04-08T14:30:36.101000Z,51.371,-178.3784,32.66,4.0
2020-04-06T10:14:48.460000Z,51.2243,-179.9838,55.23,4.2
2020-04-01T09:32:46.581000Z,51.361,-178.3903,47.71,4.6
2020-03-30T08:21:14.730000Z,53.5564,-166.1006,87.62,4.7
2020-03-29T11:32:15.448000Z,52.6631,-168.0456,10.0,4.1
2020-03-24T07:11:14.066000Z,51.3059,-175.0864,10.0,4.1
2020-03-23T12:25:55.312000Z,51.9336,-177.7499,97.8,4.8
2020-03-17T14:30:26.720000Z,58.2415,-152.5497,44.8,4.0
2020-03-15T03:37:11.227000Z,53.4927,-165.3561,46.08,4.1
2020-03-13T22:54:35.225000Z,60.006,-152.85,112.3,4.0
2020-03-09T14:42:54.820000Z,53.8709,-163.1023,32.4,4.1
2020-03-07T16:16:00.331000Z,59.9354,-152.9212,83.9,4.3
2020-03-04T20:14:03.837000Z,50.9405,-179.7377,10.0,4.1
2020-03-03T22:56:04.295000Z,52.2192,-169.3467,39.75,4.1
2020-03-03T08:42:02.609000Z,51.1632,-179.8259,35.0,5.1
2020-03-02T12:51:41.804000Z,51.5358,-176.4236,48.27,4.0
2020-03-02T09:26:57.854000Z,51.6548,-177.2875,74.57,4.0
2020-03-02T00:31:16.028000Z,51.1334,-179.8506,24.44,5.7
2020-03-01T20:29:40.550000Z,53.141,-170.4406,147.97,4.8
2020-03-01T20:01:30.185000Z,60.3312,-153.4318,164.6,4.4
2020-03-01T14:11:11.511000Z,54.8926,-163.0703,98.66,4.5
2020-02-21T10:24:32.589000Z,50.8819,-179.3089,10.0,4.2
2020-02-21T10:20:14.460000Z,50.8347,-179.2666,10.0,5.2
2020-02-17T09:18:06.267000Z,57.5151,-156.0645,100.7,4.9
2020-02-17T08:34:56.738000Z,52.2751,-170.082,35.0,4.1
2020-02-17T03:33:14.845000Z,51.1425,-178.1609,35.0,4.6
2020-02-13T15:38:43.923000Z,51.1819,-174.9412,10.0,4.2
2020-02-13T15:30:45.927000Z,51.1298,-174.9356,20.99,4.1
2020-02-13T15:29:37.148000Z,51.1171,-174.9052,10.0,4.1
2020-02-13T15:26:25.672000Z,51.2698,-174.9744,22.65,5.0
2020-02-13T06:53:31.365000Z,51.2977,-175.121,22.08,4.5
2020-02-12T14:16:04.570000Z,58.8157,-154.489,117.7,4.5
2020-02-07T18:30:15.059000Z,51.6003,-171.195,17.36,4.1
2020-02-06T08:24:27.046000Z,54.3783,-161.3508,10.0,4.1
2020-02-03T04:49:09.350000Z,60.5804,-152.3621,93.5,4.3
2020-02-02T14:57:54.713000Z,58.2184,-155.9737,147.0,4.2
2020-01-30T15:00:39.302000Z,56.3044,-150.0358,10.0,4.2
2020-01-30T06:10:17.489000Z,50.9654,-179.8901,22.18,4.6
2020-01-28T16:41:43.419000Z,51.1947,-179.9178,35.0,5.4
2020-01-28T14:52:45.202000Z,60.2128,-153.561,177.9,4.4
2020-01-27T15:51:49.423000Z,51.1744,-179.8238,35.0,5.2
2020-01-26T23:49:36.582000Z,51.0771,-179.8838,35.0,4.4
2020-01-26T22:40:25.342000Z,50.9961,-179.8884,35.0,4.2
2020-01-26T22:33:39.449000Z,51.169,-179.9779,21.34,5.4
2020-01-26T22:33:39.427000Z,51.0946,-179.9388,35.0,5.4
2020-01-26T10:29:16.698000Z,51.1461,-179.8512,35.0,4.2
2020-01-26T09:27:37.313000Z,51.7372,-179.9921,16.73,4.0
2020-01-26T09:17:07.103000Z,50.9857,-179.8133,18.38,4.7
2020-01-26T09:14:05.165000Z,51.3181,-179.9194,39.5,5.1
2020-01-26T09:12:07.786000Z,51.1263,-179.8182,26.79,5.8
2020-01-26T09:10:04.263000Z,50.8791,-179.9482,10.0,4.1
2020-01-26T08:41:14.664000Z,50.9267,-179.8729,39.97,4.4
2020-01-26T08:11:57.754000Z,51.1471,-179.8459,29.05,4.8
2020-01-26T07:51:49.733000Z,50.9641,-179.9769,25.57,4.0
2020-01-26T07:24:06.947000Z,51.1464,-179.8674,30.63,5.3
2020-01-26T07:08:13.530000Z,50.9416,-179.8756,35.0,4.3
2020-01-26T06:40:50.941000Z,51.1175,-179.9072,23.1,5.0
2020-01-26T06:31:55.398000Z,51.1338,-179.8892,17.0,6.1
2020-01-26T04:29:30.235000Z,50.9566,-179.9092,10.0,4.0
2020-01-26T03:57:18.485000Z,51.0327,-179.9238,13.01,5.5
2020-01-24T13:00:49.544000Z,51.8235,-177.6971,10.0,4.0
2020-01-24T03:35:56.904000Z,51.8063,-177.9478,10.0,4.2
2020-01-24T03:30:50.778000Z,51.8949,-177.8049,10.0,4.0
2020-01-23T13:47:43.240000Z,50.314167,-178.616333,6.98,4.28
2020-01-23T11:06:39.926000Z,51.753,-177.8342,10.0,4.3
2020-01-23T06:45:36.060000Z,51.7409,-177.9188,10.0,4.2
2020-01-23T05:53:02.618000Z,51.9836,-177.855,10.0,6.2
2020-01-22T16:35:52.293000Z,50.8456,-179.8332,10.0,4.2
2020-01-22T13:09:09.273000Z,51.082,-179.8416,35.0,4.2
2020-01-22T06:22:28.391000Z,50.9327,-179.9075,33.64,4.0
2020-01-22T06:07:21.874000Z,51.003,-179.7953,47.84,4.3
2020-01-22T05:35:14.966000Z,51.076,-179.9685,32.13,4.0
2020-01-21T03:26:42.596000Z,51.7622,-177.9728,78.17,4.4
2020-01-20T22:07:54.486000Z,51.227,-178.122,35.0,4.1
2020-01-20T16:02:00.054000Z,51.6655,-175.2268,41.65,4.1
2020-01-18T12:12:37.303000Z,50.9689,-170.8676,10.0,4.0
2020-01-17T14:13:35.108000Z,51.7764,-175.2157,45.87,4.9
2020-01-13T03:07:01.797000Z,53.3803,-169.5221,104.13,4.4
2020-01-12T00:50:01.899000Z,52.9533,-173.1961,229.8,4.3
2020-01-09T02:28:33.774000Z,55.6081,-160.0563,90.3,4.0
2020-01-08T14:45:30.467000Z,53.1875,-166.8071,37.22,4.0
2020-01-05T04:59:53.918000Z,51.0261,-179.4373,27.15,4.8
2020-01-02T12:04:00.179000Z,51.1613,-179.35,35.0,4.8
2020-01-02T11:50:54.883000Z,51.1421,-179.3156,35.0,4.3
2020-01-02T08:54:32.689000Z,55.5434,-151.4277,10.65,4.8
2020-01-01T15:05:57.267000Z,51.2023,-178.1302,37.99,4.8
2020-01-01T03:20:28.279000Z,51.6564,-176.6892,53.64,4.6
